tag,d,seed,matrix,mechanism,level,size,group,n,call_norm,mean_z_norm,call_dist_centroid,mean_z_dist_centroid,call_cos_centroid,mean_z_cos_centroid,call_isolation,mean_z_isolation,call_union
run,256,1,nullA,,,,all,20000,0.00335,-8.678924245941743e-14,0.00335,-1.3995489211993117e-13,0.003,4.284572696633404e-16,0.0036,-4.966835831510252e-13,0.01
run,256,1,nullB,,,,all,20000,0.00305,-3.84371645623105e-14,0.00265,-9.829861369325955e-14,0.0028,2.879083638163138e-14,0.00325,-2.847514224413317e-13,0.0085
run,256,1,norm_L1,norm,1,1.05,all,20000,0.0032,-3.995577202431377e-14,0.0028,1.7366801330354065e-13,0.0028,-3.747757659766648e-14,0.00325,-2.847507118985959e-13,0.00855
run,256,1,norm_L1,norm,1,1.05,unplanted,19900,0.002914572864321608,-0.005835318956552981,0.002462311557788945,-0.0059321885631142945,0.002763819095477387,0.00020606220227480934,0.0032663316582914573,-0.0002085752579296819,0.008241206030150754
run,256,1,norm_L1,norm,1,1.05,planted,100,0.06,1.1612284723460526,0.07,1.180505524094478,0.01,-0.041006378260182476,0.0,0.04150647627105655,0.07
run,256,1,norm_L2,norm,2,1.1,all,20000,0.00375,-3.1665869926200685e-14,0.0036,4.771134598513527e-14,0.0028,8.660094863444102e-15,0.00325,-2.8475639624048197e-13,0.0092
run,256,1,norm_L2,norm,2,1.1,unplanted,19900,0.0025628140703517588,-0.01132399086270485,0.0023115577889447235,-0.011456537659149625,0.002763819095477387,0.0002052464767133285,0.0032663316582914573,-0.00020857525792968476,0.007788944723618091
run,256,1,norm_L2,norm,2,1.1,planted,100,0.24,2.253474181671932,0.26,2.2798509941803173,0.01,-0.040844048864219495,0.0,0.041506476271056345,0.29
run,256,1,norm_L3,norm,3,1.2,all,20000,0.0061,-3.3724312231697694e-14,0.006,-5.68579849868911e-14,0.0028,9.354295116281718e-16,0.00325,-2.847507118985959e-13,0.0113
run,256,1,norm_L3,norm,3,1.2,unplanted,19900,0.0017587939698492463,-0.02161121333313737,0.001708542713567839,-0.021830864612641665,0.002763819095477387,0.0002036162308714797,0.0032663316582914573,-0.0002085752579296819,0.006884422110552763
run,256,1,norm_L3,norm,3,1.2,planted,100,0.87,4.300631453287591,0.86,4.344342057904319,0.01,-0.040519629943236525,0.0,0.04150647627105694,0.89
run,256,1,direction_L1,direction,1,5.0,all,20000,0.00305,-3.843840801209808e-14,0.00275,-1.5795365015947027e-15,0.00275,-9.92557147583284e-15,0.00345,-2.752265970684675e-13,0.0088
run,256,1,direction_L1,direction,1,5.0,unplanted,19900,0.003015075376884422,-0.00023537902882280826,0.0025628140703517588,-0.002748511636629826,0.002462311557788945,0.00750612593043909,0.0032160804020100503,-0.00686143737511576,0.008241206030150754
run,256,1,direction_L1,direction,1,5.0,planted,100,0.01,0.046840426728051006,0.04,0.5469538156890188,0.06,-1.4937190601593642,0.05,1.3654260375929905,0.12
run,256,1,direction_L2,direction,2,10.0,all,20000,0.00305,-3.8436631655258677e-14,0.00285,7.839755511440671e-14,0.00425,1.2001422078355972e-14,0.00495,-2.7785631573351564e-13,0.01015
run,256,1,direction_L2,direction,2,10.0,unplanted,19900,0.003015075376884422,-0.00023537902882280826,0.002512562814070352,-0.005152784647856986,0.0020100502512562816,0.014666440258143945,0.002914572864321608,-0.013442713711869884,0.00763819095477387
run,256,1,direction_L2,direction,2,10.0,planted,100,0.01,0.046840426728051374,0.07,1.0254041449392195,0.45,-2.918621611368244,0.41,2.6751000286065367,0.51
run,256,1,direction_L3,direction,3,20.0,all,20000,0.00305,-3.843503293410322e-14,0.003,3.27403881783539e-14,0.006,1.3941559018348925e-14,0.0065,-2.470869731041603e-13,0.01065
run,256,1,direction_L3,direction,3,20.0,unplanted,19900,0.003015075376884422,-0.00023537902882280826,0.0023115577889447235,-0.009760075319637579,0.0010552763819095478,0.027591363401408588,0.0016080402010050252,-0.025125570832712614,0.005728643216080402
run,256,1,direction_L3,direction,3,20.0,planted,100,0.01,0.04684042672805158,0.14,1.9422549886144258,0.99,-5.49068131687752,0.98,4.999988595660392,0.99
run,256,2,nullA,,,,all,20000,0.003,-3.818403371269596e-14,0.0029,1.6368932875820974e-13,0.0026,-1.467270749344607e-16,0.00355,-4.439169032366408e-13,0.00915
run,256,2,nullB,,,,all,20000,0.00315,1.2032277396656354e-13,0.0032,-6.308660260856414e-14,0.0026,-1.7291057474722038e-14,0.00205,-1.2219913969602203e-14,0.00825
run,256,2,norm_L1,norm,1,1.05,all,20000,0.0032,1.298161578233703e-13,0.00325,4.0256153965856354e-14,0.0026,-2.7008795200345047e-14,0.00205,-1.2219913969602203e-14,0.00825
run,256,2,norm_L1,norm,1,1.05,unplanted,19900,0.003065326633165829,-0.0065802314446663235,0.0031658291457286433,-0.006416512471647346,0.0025628140703517588,-0.0004805277537537289,0.0020603015075376886,0.0008118298429380574,0.008090452261306533
run,256,2,norm_L1,norm,1,1.05,planted,100,0.03,1.3094660575145614,0.02,1.276885981865873,0.01,0.09562502299159112,0.0,-0.1615541387471174,0.04
run,256,2,norm_L2,norm,2,1.1,all,20000,0.00435,1.1925109788535338e-13,0.00395,-8.305072185521567e-14,0.0026,2.120117414960987e-14,0.00205,-1.2225243040120404e-14,0.0093
run,256,2,norm_L2,norm,2,1.1,unplanted,19900,0.002914572864321608,-0.012092753647235392,0.002864321608040201,-0.011950358745419323,0.0025628140703517588,-0.0004812182262896346,0.0020603015075376886,0.0008118298429380531,0.007738693467336684
run,256,2,norm_L2,norm,2,1.1,planted,100,0.29,2.406457975823694,0.22,2.3781213903218354,0.01,0.09576242703587778,0.0,-0.16155413874711802,0.32
run,256,2,norm_L3,norm,3,1.2,all,20000,0.00685,1.1086527251791267e-13,0.0069,-3.007727400472504e-15,0.0026,-1.1461054327810416e-14,0.00205,-1.2223821954648884e-14,0.0114
run,256,2,norm_L3,norm,3,1.2,unplanted,19900,0.0022110552763819095,-0.022385229629128145,0.0021608040201005025,-0.022319382050233247,0.0025628140703517588,-0.0004825980919368228,0.0020603015075376886,0.0008118298429380535,0.0066834170854271355
run,256,2,norm_L3,norm,3,1.2,planted,100,0.93,4.454660696218674,0.95,4.441557027995816,0.01,0.09603702029313581,0.0,-0.16155413874711752,0.95
run,256,2,direction_L1,direction,1,5.0,all,20000,0.00315,1.2032188578814386e-13,0.0032,-1.826105489044494e-13,0.00265,1.4448886531681637e-15,0.0023,-6.752287617928232e-15,0.00835
run,256,2,direction_L1,direction,1,5.0,unplanted,19900,0.0031155778894472364,-0.000942365993393177,0.0032160804020100503,-0.003214804094233357,0.0023618090452261304,0.006770395714658331,0.0020100502512562816,-0.005694188925838423,0.00793969849246231
run,256,2,direction_L1,direction,1,5.0,planted,100,0.01,0.18753083270930676,0.0,0.6397460147159159,0.06,-1.347308747216719,0.06,1.1331435962404952,0.09
run,256,2,direction_L2,direction,2,10.0,all,20000,0.00315,1.2032135288109202e-13,0.00325,7.6030204354538e-14,0.0037,-1.5126033758861013e-14,0.0033,-6.260485463371879e-14,0.0092
run,256,2,direction_L2,direction,2,10.0,unplanted,19900,0.0031155778894472364,-0.000942365993393177,0.0031658291457286433,-0.005619327908839175,0.0020100502512562816,0.013912441234176502,0.0018090452261306533,-0.012261676500423641,0.007386934673366834
run,256,2,direction_L2,direction,2,10.0,planted,100,0.01,0.18753083270930673,0.02,1.1182462538742017,0.34,-2.768575805604149,0.3,2.4400736235717826,0.37
run,256,2,direction_L3,direction,3,20.0,all,20000,0.00315,1.2032277396656354e-13,0.00335,-4.8101966854119383e-14,0.00595,-8.402878393098945e-15,0.00605,-6.636540206272911e-14,0.0107
run,256,2,direction_L3,direction,3,20.0,unplanted,19900,0.0031155778894472364,-0.000942365993393177,0.002914572864321608,-0.01022813366414867,0.0010050251256281408,0.02688648388810698,0.0011055276381909548,-0.02425227852608134,0.005778894472361809
run,256,2,direction_L3,direction,3,20.0,planted,100,0.01,0.18753083270930693,0.09,2.0353985991559638,0.99,-5.35041029373497,0.99,4.826203426676914,0.99
run,256,3,nullA,,,,all,20000,0.0032,4.54001281013916e-15,0.00315,2.8237145954790322e-14,0.0031,1.566746732351021e-16,0.0027,-1.8149108882425935e-13,0.00895
run,256,3,nullB,,,,all,20000,0.0027,6.345786118799878e-14,0.0026,-5.733085117753944e-14,0.00275,-1.4450662888521037e-14,0.0023,-2.5482655985342717e-13,0.00725
run,256,3,norm_L1,norm,1,1.05,all,20000,0.00275,7.61602336751821e-14,0.00265,9.351097673970799e-14,0.00275,2.050253300467375e-14,0.0023,-2.548279809388987e-13,0.0073
run,256,3,norm_L1,norm,1,1.05,unplanted,19900,0.0027135678391959797,-0.00464445462840803,0.0026130653266331657,-0.004440169381044276,0.002763819095477387,-0.0004896945175587769,0.0023115577889447235,0.00027834193183765867,0.00728643216080402
run,256,3,norm_L1,norm,1,1.05,planted,100,0.01,0.9242464710684297,0.01,0.8835937068465124,0.0,0.09744920899829695,0.0,-0.055390044486659046,0.01
run,256,3,norm_L2,norm,2,1.1,all,20000,0.0035,6.404690111594391e-14,0.00325,4.587334956340783e-14,0.00275,1.4214407428880805e-15,0.0023,-2.5482549403932354e-13,0.00805
run,256,3,norm_L2,norm,2,1.1,unplanted,19900,0.0025628140703517588,-0.010170890784678812,0.002412060301507538,-0.009934548630231098,0.002763819095477387,-0.0004904638943504898,0.0023115577889447235,0.00027834193183765455,0.007085427135678392
run,256,3,norm_L2,norm,2,1.1,planted,100,0.19,2.0240072661638924,0.17,1.9769751774251632,0.0,0.09760231497603129,0.0,-0.05539004448665829,0.2
run,256,3,norm_L3,norm,3,1.2,all,20000,0.0057,5.841513939230935e-14,0.00615,-3.8824765624667636e-14,0.00275,-1.0627232427395938e-14,0.0023,-2.5482478349658776e-13,0.01045
run,256,3,norm_L3,norm,3,1.2,unplanted,19900,0.0015577889447236182,-0.020587053329566656,0.0019095477386934674,-0.020339763657870567,0.002763819095477387,-0.0004920014645379757,0.0023115577889447235,0.00027834193183765634,0.006080402010050251
run,256,3,norm_L3,norm,3,1.2,planted,100,0.83,4.096823612595447,0.85,4.047612967908479,0.0,0.097908291440932,0.0,-0.05539004448665846,0.88
run,256,3,direction_L1,direction,1,5.0,all,20000,0.0027,6.345715064526302e-14,0.0026,1.1050644843635382e-13,0.00285,1.4800427550198945e-14,0.0024,-1.9923653837849998e-13,0.00735
run,256,3,direction_L1,direction,1,5.0,unplanted,19900,0.0027135678391959797,0.0009708026572656145,0.0026130653266331657,-0.0013222056439040287,0.0027135678391959797,0.006812382304817912,0.0022613065326633165,-0.006394142478914636,0.007236180904522613
run,256,3,direction_L1,direction,1,5.0,planted,100,0.0,-0.19318972878316518,0.0,0.2631189231590037,0.03,-1.3556640786558052,0.03,1.2724343532641649,0.03
run,256,3,direction_L2,direction,2,10.0,all,20000,0.0027,6.345572955979151e-14,0.0026,2.7288962201055255e-13,0.00425,1.524274040320961e-14,0.0037,-1.8855068617540382e-13,0.00885
run,256,3,direction_L2,direction,2,10.0,unplanted,19900,0.0027135678391959797,0.0009708026572656145,0.0026130653266331657,-0.0037374701336494788,0.0022110552763819095,0.014002000542185285,0.0021105527638190956,-0.013010111422317153,0.0066331658291457285
run,256,3,direction_L2,direction,2,10.0,planted,100,0.0,-0.1931897287831654,0.0,0.7437565566508243,0.41,-2.786398107891822,0.32,2.589012173003403,0.45
run,256,3,direction_L3,direction,3,20.0,all,20000,0.0027,6.345644010252727e-14,0.0029,-1.0159766361539369e-13,0.0064,-3.2231994850917545e-15,0.0065,-1.3888108441051372e-13,0.01045
run,256,3,direction_L3,direction,3,20.0,unplanted,19900,0.0027135678391959797,0.0009708026572656145,0.002462311557788945,-0.00838322433147316,0.001457286432160804,0.027044128943983073,0.0015577889447236182,-0.02495604309418029,0.005527638190954774
run,256,3,direction_L3,direction,3,20.0,planted,100,0.0,-0.1931897287831654,0.09,1.6682616419428393,0.99,-5.381781659853277,0.99,4.9662525757141,0.99
run,256,4,nullA,,,,all,20000,0.00295,-1.3294609857439355e-14,0.0029,2.6694504384749963e-13,0.0032,4.604316927725449e-16,0.0032,-2.3862334330715383e-14,0.0093
run,256,4,nullB,,,,all,20000,0.0027,-7.711769001161884e-14,0.0034,2.937028398264374e-14,0.0024,3.0074431833782e-14,0.00275,1.6386145773594763e-13,0.00815
run,256,4,norm_L1,norm,1,1.05,all,20000,0.00275,-8.565415043904068e-14,0.00335,6.199130098138994e-15,0.0024,-5.942979441897478e-15,0.00275,1.6386021428616003e-13,0.0081
run,256,4,norm_L1,norm,1,1.05,unplanted,19900,0.0027135678391959797,-0.004747840651525512,0.0032663316582914573,-0.004734160657926547,0.002412060301507538,-6.50069002499956e-05,0.002763819095477387,-0.00029722584453201656,0.008040201005025126
run,256,4,norm_L1,norm,1,1.05,planted,100,0.01,0.9448202896364449,0.02,0.9420979709286231,0.0,0.012936373148560306,0.0,0.05914794309464299,0.02
run,256,4,norm_L2,norm,2,1.1,all,20000,0.0035,-8.877059087808447e-14,0.00405,8.779501570188586e-14,0.0024,-2.8177993272038293e-14,0.00275,1.6385683920816519e-13,0.009
run,256,4,norm_L2,norm,2,1.1,unplanted,19900,0.002512562814070352,-0.010238613885150698,0.003015075376884422,-0.01024857607736718,0.002412060301507538,-6.585547056635109e-05,0.002763819095477387,-0.00029722584453201477,0.007788944723618091
run,256,4,norm_L2,norm,2,1.1,planted,100,0.2,2.037484163127235,0.21,2.039466639413627,0.0,0.01310523863706758,0.0,0.05914794309464215,0.25
run,256,4,norm_L3,norm,3,1.2,all,20000,0.00595,-8.39655456275068e-14,0.0065,-6.296829724306008e-15,0.0024,4.166480493950076e-14,0.00275,1.638621682786834e-13,0.011
run,256,4,norm_L3,norm,3,1.2,unplanted,19900,0.0018592964824120603,-0.020586473252251346,0.002412060301507538,-0.02067100653356303,0.002412060301507538,-6.75513453030065e-05,0.002763819095477387,-0.0002972258445320112,0.006834170854271356
run,256,4,norm_L3,norm,3,1.2,planted,100,0.82,4.096708177181225,0.82,4.113530300177783,0.0,0.013442717723631663,0.0,0.059147943094642844,0.84
run,256,4,direction_L1,direction,1,5.0,all,20000,0.0027,-7.711662419751519e-14,0.00335,6.425828757983254e-14,0.00265,-2.7219826392865797e-14,0.00285,1.4138841208932718e-13,0.00825
run,256,4,direction_L1,direction,1,5.0,unplanted,19900,0.0027135678391959797,0.0008332444739542238,0.0033668341708542712,-0.0016075576314715072,0.0023115577889447235,0.007303702804455739,0.002512562814070352,-0.0070063090306643015,0.007889447236180904
run,256,4,direction_L1,direction,1,5.0,planted,100,0.0,-0.16581565033231357,0.0,0.3199039686756814,0.07,-1.453436858092135,0.07,1.394255497130474,0.08
run,256,4,direction_L2,direction,2,10.0,all,20000,0.0027,-7.711786764730277e-14,0.0033,-2.8052227207808755e-14,0.00435,1.4782131074753124e-14,0.0042,1.2389556047764927e-13,0.0098
run,256,4,direction_L2,direction,2,10.0,unplanted,19900,0.0027135678391959797,0.0008332444739542238,0.0032663316582914573,-0.0040387825713135254,0.0021105527638190956,0.014538516153751081,0.0022110552763819095,-0.013621873162919929,0.007437185929648241
run,256,4,direction_L2,direction,2,10.0,planted,100,0.0,-0.16581565033231374,0.01,0.8037177316857818,0.45,-2.893164714593509,0.4,2.7107527594458447,0.48
run,256,4,direction_L3,direction,3,20.0,all,20000,0.0027,-7.71184005543546e-14,0.0037,1.0890452983858268e-13,0.00565,2.4584778657299465e-15,0.0063,1.131887472638482e-13,0.0106
run,256,4,direction_L3,direction,3,20.0,unplanted,19900,0.0027135678391959797,0.0008332444739542238,0.0031155778894472364,-0.008709355176043238,0.0006532663316582914,0.02760114208785611,0.0013065326633165829,-0.025627585264546438,0.005628140703517588
run,256,4,direction_L3,direction,3,20.0,planted,100,0.0,-0.16581565033231377,0.12,1.7331616800543856,1.0,-5.492627275482874,1.0,5.099889467667379,1.0
run,256,5,nullA,,,,all,20000,0.00305,8.065157430792169e-14,0.00305,1.3608705273782108e-13,0.00215,-7.311484750971431e-16,0.0033,8.676366292093008e-14,0.00855
run,256,5,nullB,,,,all,20000,0.00255,6.229896598597406e-14,0.00265,1.258573689710829e-13,0.0025,3.4340530419285643e-15,0.003,-1.6273560277113574e-13,0.0075
run,256,5,norm_L1,norm,1,1.05,all,20000,0.0026,5.4903281920815064e-14,0.0028,3.4442493301867214e-14,0.0025,-2.7057467377744617e-15,0.003,-1.6273418168566422e-13,0.00765
run,256,5,norm_L1,norm,1,1.05,unplanted,19900,0.002512562814070352,-0.005163519005899393,0.0026633165829145727,-0.005114930800427077,0.002512562814070352,-0.00019437869461208992,0.003015075376884422,0.00013966561875398,0.007487437185929648
run,256,5,norm_L1,norm,1,1.05,planted,100,0.02,1.0275402821849595,0.03,1.0178712292918777,0.0,0.03868136022726481,0.0,-0.027793458164589526,0.04
run,256,5,norm_L2,norm,2,1.1,all,20000,0.00335,5.68659785926684e-14,0.00345,9.899085995357382e-14,0.0025,1.3779555274595623e-14,0.003,-1.6273702385660725e-13,0.00855
run,256,5,norm_L2,norm,2,1.1,unplanted,19900,0.0023115577889447235,-0.010667214144771875,0.002512562814070352,-0.010651799498822365,0.002512562814070352,-0.0001951845848872619,0.003015075376884422,0.00013966561875398143,0.007336683417085427
run,256,5,norm_L2,norm,2,1.1,planted,100,0.21,2.122775614820976,0.19,2.119708100285449,0.0,0.038841732395320835,0.0,-0.027793458164589762,0.25
run,256,5,norm_L3,norm,3,1.2,all,20000,0.0059,6.889973036550146e-14,0.006,-1.447721942327007e-13,0.0025,9.426770475329249e-15,0.003,-1.6273773439934304e-13,0.01075
run,256,5,norm_L3,norm,3,1.2,unplanted,19900,0.0016582914572864321,-0.021016487815133943,0.0018090452261306533,-0.021093180195242762,0.002512562814070352,-0.00019679514839718358,0.003015075376884422,0.00013966561875398,0.006432160804020101
run,256,5,norm_L3,norm,3,1.2,planted,100,0.85,4.1822810752254345,0.84,4.197542858824356,0.0,0.0391622345329254,0.0,-0.027793458164589762,0.87
run,256,5,direction_L1,direction,1,5.0,all,20000,0.00255,6.229612381503103e-14,0.00265,7.124612011466524e-14,0.0026,-6.0126126300019674e-15,0.0031,-1.241801328433212e-13,0.00765
run,256,5,direction_L1,direction,1,5.0,unplanted,19900,0.002512562814070352,0.00043853393325189575,0.0026633165829145727,-0.0019491559324595908,0.002412060301507538,0.007055297286014248,0.002914572864321608,-0.006400567335683358,0.007437185929648241
run,256,5,direction_L1,direction,1,5.0,planted,100,0.01,-0.08726825270466748,0.0,0.38788203057370757,0.04,-1.4040041599180382,0.04,1.2737128997761524,0.05
run,256,5,direction_L2,direction,2,10.0,all,20000,0.00255,6.229861071460618e-14,0.0027,-6.803020369261504e-14,0.00395,1.2996537179787992e-14,0.00415,-1.4136247727947193e-13,0.00885
run,256,5,direction_L2,direction,2,10.0,unplanted,19900,0.002512562814070352,0.00043853393325189575,0.0026633165829145727,-0.004370837680867601,0.0018090452261306533,0.014184756180138338,0.002512562814070352,-0.012918228012594702,0.0066331658291457285
run,256,5,direction_L2,direction,2,10.0,planted,100,0.01,-0.08726825270466732,0.01,0.8697966984790468,0.43,-2.822766479844931,0.33,2.5707273744780736,0.45
run,256,5,direction_L3,direction,3,20.0,all,20000,0.00255,6.229861071460618e-14,0.00305,-6.446398970183509e-14,0.00585,1.1185363746335497e-14,0.0065,-7.401652624139388e-14,0.0103
run,256,5,direction_L3,direction,3,20.0,unplanted,19900,0.002512562814070352,0.00043853393325189575,0.0026130653266331657,-0.009020963371974203,0.0008542713567839196,0.027108808772142844,0.0017587939698492463,-0.024682824800104534,0.0053266331658291454
run,256,5,direction_L3,direction,3,20.0,planted,100,0.01,-0.08726825270466763,0.09,1.7951717110099736,1.0,-5.394652945654189,0.95,4.911882135206,1.0
run,256,6,nullA,,,,all,20000,0.00285,-2.505373686290113e-14,0.00295,1.525020110193509e-13,0.0028,-2.4940050025179516e-16,0.0034,4.973294664978312e-13,0.0091
run,256,6,nullB,,,,all,20000,0.00195,5.227640542670997e-14,0.00225,1.4921610613782831e-13,0.00235,-6.872369340271689e-15,0.00295,-4.950173604356678e-14,0.00725
run,256,6,norm_L1,norm,1,1.05,all,20000,0.00235,5.540670144910109e-14,0.00245,-1.8592061223898782e-14,0.00235,9.052314453583677e-15,0.00295,-4.949924914399162e-14,0.0075
run,256,6,norm_L1,norm,1,1.05,unplanted,19900,0.001959798994974874,-0.005548035782347873,0.0021105527638190956,-0.005797082236500094,0.0022613065326633165,0.0007878264619026397,0.002864321608040201,-0.0011530732765282162,0.007035175879396985
run,256,6,norm_L1,norm,1,1.05,planted,100,0.08,1.1040591206983081,0.07,1.1536193650598003,0.02,-0.1567774659168153,0.02,0.22946158201921563,0.1
run,256,6,norm_L2,norm,2,1.1,all,20000,0.0028,6.297398158494616e-14,0.00325,2.0477131101870327e-14,0.00235,3.298694650766265e-14,0.00295,-4.949711751578434e-14,0.0082
run,256,6,norm_L2,norm,2,1.1,unplanted,19900,0.0017587939698492463,-0.011088272009422303,0.001959798994974874,-0.011331540405535556,0.0022613065326633165,0.0007870018555302054,0.002864321608040201,-0.0011530732765282173,0.0067839195979899495
run,256,6,norm_L2,norm,2,1.1,planted,100,0.21,2.206566129887633,0.26,2.2549765407056714,0.02,-0.15661336924391303,0.02,0.22946158201921601,0.29
run,256,6,norm_L3,norm,3,1.2,all,20000,0.00555,5.305693662194244e-14,0.006,-4.972022793481301e-14,0.00235,1.2116174730181229e-14,0.00295,-4.950386767177406e-14,0.0107
run,256,6,norm_L3,norm,3,1.2,unplanted,19900,0.001256281407035176,-0.02147886670527883,0.001407035175879397,-0.021732103651733437,0.0022613065326633165,0.0007853538024881147,0.002864321608040201,-0.0011530732765282167,0.006130653266331658
run,256,6,norm_L3,norm,3,1.2,planted,100,0.86,4.274294474361099,0.92,4.324688626685011,0.02,-0.15628540669271154,0.02,0.229461582019215,0.92
run,256,6,direction_L1,direction,1,5.0,all,20000,0.00195,5.227711596944573e-14,0.0023,-4.787530372141191e-14,0.00245,-2.8059332635166354e-15,0.00305,-4.403801767693949e-14,0.0075
run,256,6,direction_L1,direction,1,5.0,unplanted,19900,0.001959798994974874,9.95526656776091e-05,0.0022613065326633165,-0.002618721668994323,0.0020100502512562816,0.0081045131336505,0.0027135678391959797,-0.007783436536279382,0.006934673366834171
run,256,6,direction_L1,direction,1,5.0,planted,100,0.0,-0.01981098045938884,0.01,0.5211256121202952,0.09,-1.6127981135970106,0.07,1.548903870710789,0.12
run,256,6,direction_L2,direction,2,10.0,all,20000,0.00195,5.227605015534209e-14,0.0024,-1.0026468544310774e-14,0.0043,2.4565771639117884e-14,0.0043,-5.4582471875619376e-14,0.009
run,256,6,direction_L2,direction,2,10.0,unplanted,19900,0.001959798994974874,9.95526656776091e-05,0.0022110552763819095,-0.005034351886241092,0.0015577889447236182,0.01525779114540953,0.0021608040201005025,-0.014288462452090584,0.006080402010050251
run,256,6,direction_L2,direction,2,10.0,planted,100,0.0,-0.019810980459388932,0.04,1.001836025359972,0.55,-3.036300437931583,0.43,2.8434040279551094,0.59
run,256,6,direction_L3,direction,3,20.0,all,20000,0.00195,5.227498434123845e-14,0.0027,7.212008767965016e-15,0.0057,-1.8591883588214842e-14,0.00635,-6.690203946391194e-14,0.00955
run,256,6,direction_L3,direction,3,20.0,unplanted,19900,0.001959798994974874,9.95526656776091e-05,0.0020100502512562816,-0.009660731830830943,0.0007035175879396985,0.028111626344063414,0.001407035175879397,-0.025798647945599457,0.00457286432160804
run,256,6,direction_L3,direction,3,20.0,planted,100,0.0,-0.019810980459389168,0.14,1.9224856343367989,1.0,-5.594213642472337,0.99,5.133930941160911,1.0
run,256,7,nullA,,,,all,20000,0.00255,-1.2810090765924543e-13,0.0026,2.7112889711133902e-14,0.002,-3.4532376957940867e-16,0.0027,6.392383511411026e-13,0.00725
run,256,7,nullB,,,,all,20000,0.0025,-9.160139313735272e-14,0.00285,8.844551757647423e-14,0.0022,3.1535662969872647e-14,0.0023,1.393022586171355e-13,0.0072
run,256,7,norm_L1,norm,1,1.05,all,20000,0.0024,-1.0299352481979441e-13,0.0028,-2.0688872837126838e-14,0.0022,2.6929569685307797e-15,0.0023,1.3930030462461218e-13,0.00705
run,256,7,norm_L1,norm,1,1.05,unplanted,19900,0.002412060301507538,-0.006026293271893202,0.002763819095477387,-0.006044892129886733,0.0022110552763819095,5.9787988041373065e-05,0.0023115577889447235,-0.00039723356942421496,0.007035175879396985
run,256,7,norm_L1,norm,1,1.05,planted,100,0.0,1.1992323610861484,0.01,1.202933533843323,0.0,-0.011897809619694937,0.0,0.07904948034327931,0.01
run,256,7,norm_L2,norm,2,1.1,all,20000,0.0035,-8.960014952208439e-14,0.0035,-1.7820198650042584e-13,0.0022,3.203837195542292e-15,0.0023,1.3930474551671068e-13,0.00795
run,256,7,norm_L2,norm,2,1.1,unplanted,19900,0.0022110552763819095,-0.011548136284742095,0.0023618090452261304,-0.011579699176324305,0.0022110552763819095,5.89949043219046e-05,0.0023115577889447235,-0.0003972335694242137,0.006532663316582915
run,256,7,norm_L2,norm,2,1.1,planted,100,0.26,2.298079120645758,0.23,2.304360136052896,0.0,-0.01173998595941818,0.0,0.07904948034327969,0.29
run,256,7,norm_L3,norm,3,1.2,all,20000,0.00635,-9.026770442233101e-14,0.00615,2.214761707364232e-15,0.0022,-1.2001066806988092e-15,0.0023,1.393079429590216e-13,0.0106
run,256,7,norm_L3,norm,3,1.2,unplanted,19900,0.0018090452261306533,-0.021885744431964036,0.0016080402010050252,-0.021970622755257876,0.0022110552763819095,5.740992483707584e-05,0.0023115577889447235,-0.00039723356942421176,0.005979899497487437
run,256,7,norm_L3,norm,3,1.2,planted,100,0.91,4.355263141942789,0.91,4.372153928296759,0.0,-0.011424575042817646,0.0,0.07904948034327973,0.93
run,256,7,direction_L1,direction,1,5.0,all,20000,0.0025,-9.160459057966364e-14,0.00285,9.880238849291346e-14,0.00225,1.5370815731330368e-14,0.0026,9.912408671652884e-14,0.00745
run,256,7,direction_L1,direction,1,5.0,unplanted,19900,0.002512562814070352,-0.0003896599001406358,0.002864321608040201,-0.0028644088847888734,0.0020100502512562816,0.007363630318284511,0.0023115577889447235,-0.006909534955447617,0.007135678391959799
run,256,7,direction_L1,direction,1,5.0,planted,100,0.0,0.0775423201096655,0.0,0.5700173680927457,0.05,-1.4653624333355435,0.06,1.3749974561539002,0.07
run,256,7,direction_L2,direction,2,10.0,all,20000,0.0025,-9.160459057966364e-14,0.0028,-3.835332051949081e-14,0.00405,-1.3525891517929267e-14,0.00375,1.0059508781523619e-13,0.00915
run,256,7,direction_L2,direction,2,10.0,unplanted,19900,0.002512562814070352,-0.0003896599001406358,0.002763819095477387,-0.005283023267189581,0.0016080402010050252,0.014533822700339585,0.0020100502512562816,-0.013380206928147037,0.0065829145728643216
run,256,7,direction_L2,direction,2,10.0,planted,100,0.0,0.07754232010966539,0.01,1.0513216301630557,0.49,-2.8922307173702833,0.35,2.6626611787213803,0.52
run,256,7,direction_L3,direction,3,20.0,all,20000,0.0025,-9.160423530829576e-14,0.0031,-6.761489146356325e-14,0.0059,-1.8474111129762604e-16,0.0062,1.2770922097615767e-13,0.01015
run,256,7,direction_L3,direction,3,20.0,unplanted,19900,0.002512562814070352,-0.0003896599001406358,0.002412060301507538,-0.009917580341275559,0.0009547738693467337,0.027490083839306182,0.001256281407035176,-0.025091508788125237,0.0052261306532663315
run,256,7,direction_L3,direction,3,20.0,planted,100,0.0,0.0775423201096654,0.14,1.9735984879003126,0.99,-5.4705266840219675,0.99,4.993210248862464,0.99
run,256,8,nullA,,,,all,20000,0.00265,-2.28866525731064e-13,0.00265,-1.815863015508512e-14,0.0022,1.4377832258105627e-15,0.00305,2.0604318251571386e-13,0.0078
run,256,8,nullB,,,,all,20000,0.00305,3.752802513190545e-14,0.0027,-1.1591083648454514e-14,0.00255,-1.5072743053679007e-14,0.00285,2.0792327859453507e-13,0.0081
run,256,8,norm_L1,norm,1,1.05,all,20000,0.00325,3.779270230097609e-14,0.0027,-5.973888050903042e-15,0.00255,-2.127507059412892e-14,0.00285,2.0792505495137448e-13,0.0082
run,256,8,norm_L1,norm,1,1.05,unplanted,19900,0.003015075376884422,-0.005578516668494631,0.0026130653266331657,-0.00534923058828757,0.002512562814070352,-0.0006814572153055679,0.002864321608040201,0.0006288443553313062,0.00793969849246231
run,256,8,norm_L1,norm,1,1.05,planted,100,0.05,1.11012481703799,0.02,1.0644968870680314,0.01,0.1356099858415532,0.0,-0.12514002666934476,0.06
run,256,8,norm_L2,norm,2,1.1,all,20000,0.004,3.3014657674357294e-14,0.0034,9.182086202486062e-14,0.00255,-1.0697931429604069e-14,0.00285,2.0793073929326055e-13,0.00895
run,256,8,norm_L2,norm,2,1.1,unplanted,19900,0.002864321608040201,-0.011099435372583212,0.0023618090452261304,-0.01089105438746798,0.002512562814070352,-0.0006822447200516676,0.002864321608040201,0.0006288443553313118,0.00763819095477387
run,256,8,norm_L2,norm,2,1.1,planted,100,0.23,2.208787639150662,0.21,2.167319823124492,0.01,0.1357666992881423,0.0,-0.1251400266693449,0.27
run,256,8,norm_L3,norm,3,1.2,all,20000,0.0061,5.111520096079403e-14,0.0063,-5.6067062104148137e-14,0.00255,-1.042863573275099e-14,0.00285,2.079268313082139e-13,0.0111
run,256,8,norm_L3,norm,3,1.2,unplanted,19900,0.001708542713567839,-0.021456398042487244,0.0018090452261306533,-0.021328261260935222,0.002512562814070352,-0.0006838184912868292,0.002864321608040201,0.000628844355331311,0.0065829145728643216
run,256,8,norm_L3,norm,3,1.2,planted,100,0.88,4.269823210465184,0.9,4.244323990914896,0.01,0.1360798797639933,0.0,-0.1251400266693455,0.91
run,256,8,direction_L1,direction,1,5.0,all,20000,0.00305,3.7526959317801814e-14,0.0026,-9.674696599404343e-14,0.00255,-2.645705876602733e-14,0.00295,2.074223459658242e-13,0.00805
run,256,8,direction_L1,direction,1,5.0,unplanted,19900,0.003065326633165829,4.936081033590186e-05,0.0026130653266331657,-0.002172784598639112,0.0023115577889447235,0.006571708303560677,0.002763819095477387,-0.005947380360839687,0.007788944723618091
run,256,8,direction_L1,direction,1,5.0,planted,100,0.0,-0.009822801249338972,0.0,0.4323841351098341,0.05,-1.307769952413866,0.04,1.1835286918485817,0.06
run,256,8,direction_L2,direction,2,10.0,all,20000,0.00305,3.752624877506605e-14,0.00265,6.794333984316836e-14,0.0038,-1.6427748050773516e-15,0.00375,1.5864856095504365e-13,0.0092
run,256,8,direction_L2,direction,2,10.0,unplanted,19900,0.003065326633165829,4.936081033590186e-05,0.0026130653266331657,-0.004594107699677143,0.0019095477386934674,0.013723353290445306,0.0023618090452261304,-0.012548140033656405,0.007185929648241206
run,256,8,direction_L2,direction,2,10.0,planted,100,0.0,-0.00982280124933902,0.01,0.9142274322493407,0.38,-2.7309473047989457,0.28,2.4970798667293543,0.41
run,256,8,direction_L3,direction,3,20.0,all,20000,0.00305,3.7527314589169693e-14,0.00315,-7.688001346650708e-14,0.00605,4.488498461796553e-15,0.00635,1.0970708785862371e-13,0.01075
run,256,8,direction_L3,direction,3,20.0,unplanted,19900,0.003065326633165829,4.936081033590186e-05,0.002462311557788945,-0.009244958707984701,0.0010552763819095478,0.02673190525485962,0.001457286432160804,-0.024578429796048375,0.005778894472361809
run,256,8,direction_L3,direction,3,20.0,planted,100,0.0,-0.00982280124933911,0.14,1.839746782873579,1.0,-5.319649145716165,0.98,4.891107529435569,1.0
run,256,9,nullA,,,,all,20000,0.00275,3.4388136782581566e-14,0.00285,3.8028247217880564e-14,0.0024,1.147526518252562e-16,0.0025,5.46315703786604e-13,0.0077
run,256,9,nullB,,,,all,20000,0.00275,-6.054676759958966e-14,0.00265,-2.086437689285958e-14,0.0032,1.4954792959542827e-14,0.0031,-2.8732412005183505e-13,0.0086
run,256,9,norm_L1,norm,1,1.05,all,20000,0.0028,-6.218243697730941e-14,0.00265,-1.403194005433761e-13,0.0032,9.527667543807183e-15,0.0031,-2.873287385796175e-13,0.0086
run,256,9,norm_L1,norm,1,1.05,unplanted,19900,0.0027135678391959797,-0.0055848728456358255,0.0026130653266331657,-0.005679370182127939,0.0032160804020100503,0.0002549664857196889,0.0031155778894472364,-0.0003745180718441279,0.008542713567839196
run,256,9,norm_L1,norm,1,1.05,planted,100,0.02,1.1113896962690926,0.01,1.130194666215396,0.0,-0.05073833065631206,0.0,0.07452909623951583,0.02
run,256,9,norm_L2,norm,2,1.1,all,20000,0.0038,-7.804743518136092e-14,0.00325,-5.443183681563823e-14,0.0032,1.4094325706537347e-14,0.0031,-2.873266069514102e-13,0.0096
run,256,9,norm_L2,norm,2,1.1,unplanted,19900,0.002462311557788945,-0.011185497444281687,0.0022110552763819095,-0.011301400140195449,0.0032160804020100503,0.00025418523823102977,0.0031155778894472364,-0.0003745180718441268,0.00814070351758794
run,256,9,norm_L2,norm,2,1.1,planted,100,0.27,2.2259139913964465,0.21,2.2489786278880084,0.0,-0.050582862405156935,0.0,0.07452909623951601,0.3
run,256,9,norm_L3,norm,3,1.2,all,20000,0.00615,-7.40357108952594e-14,0.0059,-6.466365221058368e-14,0.0032,9.400125122738246e-15,0.0031,-2.8732412005183505e-13,0.0117
run,256,9,norm_L3,norm,3,1.2,unplanted,19900,0.0016582914572864321,-0.02167893642171967,0.0013065326633165829,-0.02185941691871292,0.0032160804020100503,0.00025262389374243254,0.0031155778894472364,-0.00037451807184412517,0.007085427135678392
run,256,9,norm_L3,norm,3,1.2,planted,100,0.9,4.314108347907408,0.92,4.350023966810939,0.0,-0.05027215485286393,0.0,0.07452909623951644,0.93
run,256,9,direction_L1,direction,1,5.0,all,20000,0.00275,-6.055103085600422e-14,0.00265,3.085176558670355e-15,0.00345,-1.8706103332988277e-14,0.0032,-4.1322909538621387e-13,0.00885
run,256,9,direction_L1,direction,1,5.0,unplanted,19900,0.002763819095477387,0.00012520374473727592,0.0026633165829145727,-0.002460588655128304,0.003015075376884422,0.007586831701910341,0.003015075376884422,-0.0069209965302915784,0.008391959798994975
run,256,9,direction_L1,direction,1,5.0,planted,100,0.0,-0.02491554521482788,0.0,0.48965714237114893,0.09,-1.5097795086838992,0.04,1.3772783094453782,0.1
run,256,9,direction_L2,direction,2,10.0,all,20000,0.00275,-6.054818868506118e-14,0.0026,6.786962103433325e-14,0.00495,-4.215827686948614e-15,0.00455,-4.0010981194882336e-13,0.0102
run,256,9,direction_L2,direction,2,10.0,unplanted,19900,0.002763819095477387,0.00012520374473727592,0.0026130653266331657,-0.004924150182008102,0.002512562814070352,0.014775088207884108,0.0026633165829145727,-0.013422928737369158,0.007688442211055277
run,256,9,direction_L2,direction,2,10.0,planted,100,0.0,-0.02491554521482787,0.0,0.9799058862331864,0.49,-2.94024255336978,0.38,2.671162818656441,0.51
run,256,9,direction_L3,direction,3,20.0,all,20000,0.00275,-6.055103085600422e-14,0.0029,5.390603519117576e-14,0.00635,-1.3095302620058646e-14,0.0064,-3.760469269309397e-13,0.01075
run,256,9,direction_L3,direction,3,20.0,unplanted,19900,0.002763819095477387,0.00012520374473727735,0.0023618090452261304,-0.009645585673477201,0.0013567839195979898,0.027736145973905554,0.001407035175879397,-0.02523743783558507,0.005778894472361809
run,256,9,direction_L3,direction,3,20.0,planted,100,0.0,-0.02491554521482808,0.11,1.9194715490327436,1.0,-5.519493048809824,1.0,5.02225012920622,1.0
run,256,10,nullA,,,,all,20000,0.0028,2.0435209080460483e-15,0.00285,-8.973515264187881e-14,0.00245,4.476419235288631e-17,0.00285,6.747562508735427e-13,0.0081
run,256,10,nullB,,,,all,20000,0.00245,-1.4152057303817855e-14,0.0027,-2.702194024095661e-14,0.00245,2.3993607101147062e-14,0.00225,1.0502745340090769e-13,0.0073
run,256,10,norm_L1,norm,1,1.05,all,20000,0.0025,-1.54495083393158e-14,0.00265,4.850697621350264e-14,0.00245,-5.558575821851264e-15,0.00225,1.0502532177270041e-13,0.0074
run,256,10,norm_L1,norm,1,1.05,unplanted,19900,0.002412060301507538,-0.005283284210397697,0.0026130653266331657,-0.00520071082632884,0.002412060301507538,-0.0002277419392805622,0.0022613065326633165,0.0002638198521849426,0.007236180904522613
run,256,10,norm_L1,norm,1,1.05,planted,100,0.02,1.051373557866052,0.01,1.0349414544491407,0.01,0.04532064591572009,0.0,-0.05250015056379891,0.04
run,256,10,norm_L2,norm,2,1.1,all,20000,0.0032,-3.591491548604608e-14,0.00355,-4.0818726176894414e-14,0.00245,2.4996893444040323e-14,0.00225,1.0502105851628585e-13,0.00815
run,256,10,norm_L2,norm,2,1.1,unplanted,19900,0.0021608040201005025,-0.01080570643469976,0.002462311557788945,-0.010733074991288344,0.002412060301507538,-0.00022870493845341333,0.0022613065326633165,0.00026381985218493833,0.006934673366834171
run,256,10,norm_L2,norm,2,1.1,planted,100,0.21,2.1503355804980693,0.22,2.1358819232582174,0.01,0.045512282757229044,0.0,-0.0525001505637987,0.25
run,256,10,norm_L3,norm,3,1.2,all,20000,0.00565,-9.334932826732256e-15,0.0059,1.2171295082907818e-13,0.00245,1.5786127960382144e-14,0.00225,1.0502816394364345e-13,0.01005
run,256,10,norm_L3,norm,3,1.2,unplanted,19900,0.0013567839195979898,-0.021181279550233297,0.0017587939698492463,-0.02116263531068477,0.002412060301507538,-0.00023062946831342137,0.0022613065326633165,0.0002638198521849419,0.005728643216080402
run,256,10,norm_L3,norm,3,1.2,planted,100,0.86,4.21507463049456,0.83,4.211364426850611,0.01,0.045895264197528075,0.0,-0.05250015056379824,0.87
run,256,10,direction_L1,direction,1,5.0,all,20000,0.00245,-1.4152412575185736e-14,0.00275,-5.495319754800221e-14,0.00255,-6.1998406408747545e-15,0.0024,1.0265424066346896e-13,0.0075
run,256,10,direction_L1,direction,1,5.0,unplanted,19900,0.002462311557788945,0.0003402299302959338,0.002763819095477387,-0.0020396853317882825,0.0022110552763819095,0.007098514037072404,0.0021608040201005025,-0.006302254278337257,0.007135678391959799
run,256,10,direction_L1,direction,1,5.0,planted,100,0.0,-0.0677057561317213,0.0,0.4058973810148778,0.07,-1.4126042933786485,0.05,1.2541486014096452,0.08
run,256,10,direction_L2,direction,2,10.0,all,20000,0.00245,-1.4153656024973316e-14,0.0027,6.549658593257845e-14,0.0039,2.213340621892712e-16,0.00305,4.346816240285989e-14,0.0086
run,256,10,direction_L2,direction,2,10.0,unplanted,19900,0.002462311557788945,0.0003402299302959338,0.0026633165829145727,-0.004462806642038659,0.0018592964824120603,0.014300011391311934,0.0016582914572864321,-0.012845874343925994,0.006432160804020101
run,256,10,direction_L2,direction,2,10.0,planted,100,0.0,-0.0677057561317212,0.01,0.8880985217787927,0.41,-2.8457022668710317,0.28,2.556328994449967,0.44
run,256,10,direction_L3,direction,3,20.0,all,20000,0.00245,-1.4152590210869676e-14,0.00315,6.279456954416674e-14,0.00575,9.876899298433273e-15,0.006,5.490186083534354e-14,0.0099
run,256,10,direction_L3,direction,3,20.0,unplanted,19900,0.002462311557788945,0.0003402299302959338,0.002462311557788945,-0.009115248629794634,0.0008542713567839196,0.027331347319926848,0.0011055276381909548,-0.024835769687704092,0.004974874371859297
run,256,10,direction_L3,direction,3,20.0,planted,100,0.0,-0.0677057561317214,0.14,1.8139344773416917,0.98,-5.438938116663468,0.98,4.942318167864094,0.99
run,256,11,nullA,,,,all,20000,0.0031,6.895426452047104e-14,0.003,3.193498798736982e-14,0.00305,1.3216094885137862e-16,0.00335,-2.0352985963256741e-13,0.00945
run,256,11,nullB,,,,all,20000,0.0026,-5.153264481805309e-14,0.00275,-1.0144063367079071e-14,0.00245,9.453415827920252e-15,0.0025,1.3380390129213993e-13,0.0072
run,256,11,norm_L1,norm,1,1.05,all,20000,0.00255,-5.992273344190835e-14,0.00275,1.7783108319235907e-13,0.00245,-1.8024337578026463e-14,0.0025,1.338055000132954e-13,0.0072
run,256,11,norm_L1,norm,1,1.05,unplanted,19900,0.002462311557788945,-0.005451649979815241,0.0026633165829145727,-0.0053931458892767245,0.002462311557788945,-0.0001745037565155302,0.002512562814070352,0.00016011027307658628,0.007085427135678392
run,256,11,norm_L1,norm,1,1.05,planted,100,0.02,1.0848783459712488,0.02,1.0732360320016345,0.0,0.03472624754298533,0.0,-0.031861944315479104,0.03
run,256,11,norm_L2,norm,2,1.1,all,20000,0.00345,-5.3318593984386096e-14,0.00345,-3.881517329773487e-14,0.00245,3.523190628129669e-14,0.0025,1.3380816454855448e-13,0.00815
run,256,11,norm_L2,norm,2,1.1,unplanted,19900,0.002462311557788945,-0.011001006133598494,0.002412060301507538,-0.01095917847517073,0.002462311557788945,-0.0001753076818327595,0.002512562814070352,0.00016011027307658718,0.006984924623115578
run,256,11,norm_L2,norm,2,1.1,planted,100,0.2,2.189200220575436,0.21,2.180876516551213,0.0,0.034886228691765366,0.0,-0.03186194431547843,0.24
run,256,11,norm_L3,norm,3,1.2,all,20000,0.00635,-3.979394591624441e-14,0.00625,1.2230163548565542e-13,0.00245,-1.7712409317027777e-14,0.0025,1.3380656582739904e-13,0.0108
run,256,11,norm_L3,norm,3,1.2,unplanted,19900,0.0018090452261306533,-0.021415260755492636,0.001708542713567839,-0.021437733801789642,0.002462311557788945,-0.0001769143182824467,0.002512562814070352,0.0001601102730765868,0.006231155778894473
run,256,11,norm_L3,norm,3,1.2,planted,100,0.91,4.261636890335076,0.91,4.266109026580601,0.0,0.03520594933466429,0.0,-0.03186194431547844,0.92
run,256,11,direction_L1,direction,1,5.0,all,20000,0.0026,-5.1531401368265504e-14,0.00275,1.6574013272929732e-13,0.0027,2.3451462993762107e-15,0.0028,1.5605277070562807e-13,0.00755
run,256,11,direction_L1,direction,1,5.0,unplanted,19900,0.0026130653266331657,0.00020241966117447228,0.002763819095477387,-0.0022082563960461573,0.002412060301507538,0.007130663684692204,0.002412060301507538,-0.006419655681686279,0.007085427135678392
run,256,11,direction_L1,direction,1,5.0,planted,100,0.0,-0.04028151258402638,0.0,0.4394430228463335,0.06,-1.4190020732532795,0.08,1.27751148068678,0.1
run,256,11,direction_L2,direction,2,10.0,all,20000,0.0026,-5.1531223732581564e-14,0.0027,-3.10894421318153e-14,0.0044,1.4125589586910792e-14,0.00395,1.4121379621201414e-13,0.0091
run,256,11,direction_L2,direction,2,10.0,unplanted,19900,0.0026130653266331657,0.00020241966117447228,0.0027135678391959797,-0.004644454251621981,0.0021608040201005025,0.014310851287730693,0.0021105527638190956,-0.012992114454551208,0.0066834170854271355
run,256,11,direction_L2,direction,2,10.0,planted,100,0.0,-0.04028151258402635,0.0,0.9242463960665568,0.45,-2.8478594062555835,0.37,2.5854307764839337,0.49
run,256,11,direction_L3,direction,3,20.0,all,20000,0.0026,-5.153264481805309e-14,0.003,-1.3475638382942633e-13,0.00655,-8.497380576955038e-15,0.0064,1.37209799078164e-13,0.0105
run,256,11,direction_L3,direction,3,20.0,unplanted,19900,0.0026130653266331657,0.00020241966117447228,0.002512562814070352,-0.009319547268707097,0.0015577889447236182,0.027305864097366198,0.001457286432160804,-0.024907254082053087,0.005527638190954774
run,256,11,direction_L3,direction,3,20.0,planted,100,0.0,-0.040281512584026506,0.1,1.854589906445761,1.0,-5.4338669553775745,0.99,4.956543562356006,1.0
run,256,12,nullA,,,,all,20000,0.0029,1.974360230860839e-13,0.0029,3.190301356426062e-14,0.00285,-3.7481129311345284e-16,0.00305,-2.9482283281367926e-14,0.0088
run,256,12,nullB,,,,all,20000,0.0027,7.208491581423004e-14,0.00265,1.164458751645725e-13,0.00235,6.2417626622846e-15,0.0026,-9.071285944628471e-14,0.0078
run,256,12,norm_L1,norm,1,1.05,all,20000,0.00285,7.027267656667391e-14,0.0026,-1.3566889833782624e-13,0.00235,-3.8591529971654383e-14,0.0026,-9.071934314874852e-14,0.0079
run,256,12,norm_L1,norm,1,1.05,unplanted,19900,0.0027135678391959797,-0.005463533486395771,0.002512562814070352,-0.005321501379158407,0.0023618090452261304,-0.00043899461662342,0.0026130653266331657,0.000802553898910757,0.007788944723618091
run,256,12,norm_L1,norm,1,1.05,planted,100,0.03,1.0872431638068132,0.02,1.05897877442539,0.0,0.08735992870034277,0.0,-0.15970822590138434,0.03
run,256,12,norm_L2,norm,2,1.1,all,20000,0.0034,7.288871728405865e-14,0.0035,2.659241715718963e-14,0.00235,-1.5048762236347102e-14,0.0026,-9.071832174356587e-14,0.00875
run,256,12,norm_L2,norm,2,1.1,unplanted,19900,0.0023115577889447235,-0.011014580904575104,0.0023618090452261304,-0.010896845762696051,0.0023618090452261304,-0.0004397765238056852,0.0026130653266331657,0.0008025538989107603,0.007487437185929648
run,256,12,norm_L2,norm,2,1.1,planted,100,0.22,2.191901600025023,0.23,2.1684723067818323,0.0,0.08751552823432208,0.0,-0.15970822590138423,0.26
run,256,12,norm_L3,norm,3,1.2,all,20000,0.00605,6.725455747869092e-14,0.00575,7.272618063325354e-14,0.00235,-9.911715892485517e-15,0.0026,-9.071987605580034e-14,0.0107
run,256,12,norm_L3,norm,3,1.2,unplanted,19900,0.0017587939698492463,-0.02142959895067875,0.0013567839195979898,-0.02139369353686059,0.0023618090452261304,-0.00044133912676060647,0.0026130653266331657,0.0008025538989107588,0.00628140703517588
run,256,12,norm_L3,norm,3,1.2,planted,100,0.86,4.264490191198522,0.88,4.257345013849803,0.0,0.08782648622337887,0.0,-0.15970822590138467,0.89
run,256,12,direction_L1,direction,1,5.0,all,20000,0.0027,7.20882908922249e-14,0.00265,4.6905768158467253e-14,0.00265,-7.780620592257036e-15,0.00275,5.1295856451361035e-15,0.008
run,256,12,direction_L1,direction,1,5.0,unplanted,19900,0.0027135678391959797,0.0001930436770810878,0.0026633165829145727,-0.0021277135179339868,0.0023115577889447235,0.006884234050973262,0.002512562814070352,-0.005818438464835096,0.007688442211055277
run,256,12,direction_L1,direction,1,5.0,planted,100,0.0,-0.03841569172471903,0.0,0.42341499007824474,0.07,-1.3699625761452356,0.05,1.1578692545032103,0.07
run,256,12,direction_L2,direction,2,10.0,all,20000,0.0027,7.208793562085702e-14,0.00265,-1.6543211245334534e-14,0.00415,-6.0801141898991774e-15,0.0033,-5.368399058625073e-14,0.00945
run,256,12,direction_L2,direction,2,10.0,unplanted,19900,0.0027135678391959797,0.0001930436770810878,0.0026130653266331657,-0.004564638926718934,0.0020603015075376886,0.014091146943643783,0.0020603015075376886,-0.012424103450591962,0.007236180904522613
run,256,12,direction_L2,direction,2,10.0,planted,100,0.0,-0.038415691724719266,0.01,0.9083631464137599,0.42,-2.804138241786329,0.25,2.4723965866570636,0.45
run,256,12,direction_L3,direction,3,20.0,all,20000,0.0027,7.208580399264974e-14,0.003,2.3211654820443073e-14,0.00605,-1.2884626698905777e-14,0.00625,-3.3351454931107585e-14,0.01095
run,256,12,direction_L3,direction,3,20.0,unplanted,19900,0.0027135678391959797,0.0001930436770810878,0.002462311557788945,-0.009243576672706902,0.0010552763819095478,0.027152484186070493,0.0013567839195979898,-0.024524914529667742,0.005979899497487437
run,256,12,direction_L3,direction,3,20.0,planted,100,0.0,-0.03841569172471959,0.11,1.8394717578733162,1.0,-5.403344353030604,0.98,4.88045799139721,1.0
run,256,13,nullA,,,,all,20000,0.0026,7.704397120278372e-14,0.00255,-7.41906092116551e-14,0.00265,1.8429702208777598e-16,0.003,3.6108964707182166e-13,0.0082
run,256,13,nullB,,,,all,20000,0.00265,-1.7906565119574226e-14,0.0029,-2.532551945932937e-14,0.00275,-3.9115377603593514e-15,0.00305,-1.0009912898567563e-13,0.0082
run,256,13,norm_L1,norm,1,1.05,all,20000,0.0028,-1.5930190500057507e-14,0.00295,1.4735981324065505e-13,0.00275,-2.05684358434155e-14,0.00305,-1.0009486572926107e-13,0.00835
run,256,13,norm_L1,norm,1,1.05,unplanted,19900,0.0026130653266331657,-0.005426107227377135,0.002814070351758794,-0.005725846750488615,0.002763819095477387,0.0008345270175870351,0.003065326633165829,-0.0005773492821596334,0.00814070351758794
run,256,13,norm_L1,norm,1,1.05,planted,100,0.04,1.0797953382448637,0.03,1.1394435033767065,0.0,-0.1660708765039336,0.0,0.11489250712974813,0.05
run,256,13,norm_L2,norm,2,1.1,all,20000,0.0034,-1.3883827421068418e-14,0.00395,-3.255209435337747e-14,0.00275,-2.5999469244197826e-14,0.00305,-1.0009557627199683e-13,0.00925
run,256,13,norm_L2,norm,2,1.1,unplanted,19900,0.002462311557788945,-0.010956354810586266,0.0027135678391959797,-0.01127923475470689,0.002763819095477387,0.0008336147797589613,0.003065326633165829,-0.0005773492821596327,0.00793969849246231
run,256,13,norm_L2,norm,2,1.1,planted,100,0.19,2.180314607303891,0.25,2.2445677161801605,0.0,-0.16588934117723325,0.0,0.11489250712974768,0.27
run,256,13,norm_L3,norm,3,1.2,all,20000,0.00625,-1.440234598248935e-14,0.00625,2.7280222525405407e-14,0.00275,-3.5694824873644393e-14,0.00305,-1.0009415518652531e-13,0.01155
run,256,13,norm_L3,norm,3,1.2,unplanted,19900,0.001959798994974874,-0.021338202409468442,0.0017587939698492463,-0.021717320251024463,0.002763819095477387,0.0008317915807795576,0.003065326633165829,-0.0005773492821596342,0.007085427135678392
run,256,13,norm_L3,norm,3,1.2,planted,100,0.86,4.2463022794813385,0.9,4.321746729959324,0.0,-0.16552652458227082,0.0,0.11489250712974802,0.9
run,256,13,direction_L1,direction,1,5.0,all,20000,0.00265,-1.7906920390942105e-14,0.0029,1.7390888729096333e-14,0.0029,-3.44677175689867e-14,0.00335,-7.059242079776596e-14,0.0084
run,256,13,direction_L1,direction,1,5.0,unplanted,19900,0.0026633165829145727,0.00020811787608095728,0.002914572864321608,-0.002540472054133485,0.002462311557788945,0.008074756071674067,0.002914572864321608,-0.007128038540137655,0.007889447236180904
run,256,13,direction_L1,direction,1,5.0,planted,100,0.0,-0.041415457343692064,0.0,0.5055539387760422,0.09,-1.606876458270032,0.09,1.4184796694732749,0.11
run,256,13,direction_L2,direction,2,10.0,all,20000,0.00265,-1.7905499305470585e-14,0.00285,1.786620629218305e-13,0.0045,-1.5772982919770585e-14,0.0046,-1.2111271985304485e-13,0.0101
run,256,13,direction_L2,direction,2,10.0,unplanted,19900,0.0026633165829145727,0.00020811787608095728,0.002814070351758794,-0.004966580642423586,0.001959798994974874,0.015156206484976748,0.0026130653266331657,-0.013591642961294954,0.007437185929648241
run,256,13,direction_L2,direction,2,10.0,planted,100,0.0,-0.04141545734369179,0.01,0.988349547878026,0.51,-3.0160850905135272,0.4,2.704736949273473,0.54
run,256,13,direction_L3,direction,3,20.0,all,20000,0.00265,-1.7906565119574226e-14,0.0033,5.98603833168454e-14,0.00615,2.971773938043043e-14,0.00645,-1.3587140301751787e-13,0.01075
run,256,13,direction_L3,direction,3,20.0,unplanted,19900,0.0026633165829145727,0.00020811787608095728,0.0027135678391959797,-0.009612811172178574,0.001206030150753769,0.027903075284236484,0.001457286432160804,-0.025150111748465258,0.005778894472361809
run,256,13,direction_L3,direction,3,20.0,planted,100,0.0,-0.041415457343691946,0.12,1.9129494232755075,0.99,-5.552711981557115,1.0,5.004872237917413,1.0
run,256,14,nullA,,,,all,20000,0.00245,8.062830403332554e-14,0.0024,4.043894108463064e-14,0.00205,-4.451550239537027e-16,0.00355,-1.533443594325945e-13,0.00805
run,256,14,nullB,,,,all,20000,0.00295,-1.6220269571931567e-14,0.00265,3.141593651889707e-14,0.00235,4.209503856600349e-14,0.0021,3.4596858711211095e-14,0.0076
run,256,14,norm_L1,norm,1,1.05,all,20000,0.0029,-2.184847858188732e-14,0.00265,1.9736745571208304e-13,0.0024,5.794476010123617e-16,0.0021,3.4596858711211095e-14,0.0076
run,256,14,norm_L1,norm,1,1.05,unplanted,19900,0.002763819095477387,-0.005352052119099224,0.002512562814070352,-0.0054521427728452445,0.002412060301507538,0.0002744630896843089,0.0021105527638190956,5.407155395830049e-05,0.007437185929648241
run,256,14,norm_L1,norm,1,1.05,planted,100,0.03,1.065058371696375,0.03,1.0849764118356775,0.0,-0.05461815484706142,0.0,-0.010760239230782169,0.04
run,256,14,norm_L2,norm,2,1.1,all,20000,0.00345,-7.842260174584225e-15,0.00345,7.544542768300744e-14,0.0024,9.446665671930533e-16,0.0021,3.459561526142352e-14,0.0083
run,256,14,norm_L2,norm,2,1.1,unplanted,19900,0.0022613065326633165,-0.010923570830028713,0.0022110552763819095,-0.011037175862858014,0.002412060301507538,0.000273589435206959,0.0021105527638190956,5.407155395829745e-05,0.006934673366834171
run,256,14,norm_L2,norm,2,1.1,planted,100,0.24,2.173790595174146,0.25,2.196397996723833,0.0,-0.05444429760599537,0.0,-0.01076023923078182,0.28
run,256,14,norm_L3,norm,3,1.2,all,20000,0.0057,-1.37568179070513e-14,0.00575,-1.4075851595407584e-13,0.0024,-1.0843947961802768e-14,0.0021,3.460058906057384e-14,0.01015
run,256,14,norm_L3,norm,3,1.2,unplanted,19900,0.0015577889447236182,-0.021378138851501294,0.0015577889447236182,-0.021541990964304095,0.002412060301507538,0.00027184340740635677,0.0021105527638190956,5.407155395830191e-05,0.005879396984924623
run,256,14,norm_L3,norm,3,1.2,planted,100,0.83,4.254249631446005,0.84,4.286856201868364,0.0,-0.05409683807603425,0.0,-0.010760239230781888,0.86
run,256,14,direction_L1,direction,1,5.0,all,20000,0.00295,-1.6218137943724288e-14,0.0026,-2.2319568415696267e-14,0.00245,4.52381243576383e-14,0.0021,3.897291378507362e-14,0.0077
run,256,14,direction_L1,direction,1,5.0,unplanted,19900,0.002964824120603015,0.00032394559534431873,0.0026130653266331657,-0.0022593691545638155,0.0023115577889447235,0.007537392341971038,0.0020603015075376886,-0.0064417468845110164,0.007587939698492462
run,256,14,direction_L1,direction,1,5.0,planted,100,0.0,-0.06446517347676312,0.0,0.44961446175373593,0.03,-1.4999410760431895,0.01,1.2819076300254866,0.03
run,256,14,direction_L2,direction,2,10.0,all,20000,0.00295,-1.6218137943724288e-14,0.00255,-7.290523740266508e-14,0.00455,-2.5423219085496385e-15,0.00375,4.115801033321986e-14,0.00965
run,256,14,direction_L2,direction,2,10.0,unplanted,19900,0.002964824120603015,0.00032394559534431873,0.002512562814070352,-0.004707860034629959,0.001959798994974874,0.014661412806168216,0.001708542713567839,-0.012927988979976249,0.006934673366834171
run,256,14,direction_L2,direction,2,10.0,planted,100,0.0,-0.06446517347676342,0.01,0.9368641468767813,0.52,-2.9176211484279837,0.41,2.5726698070235052,0.55
run,256,14,direction_L3,direction,3,20.0,all,20000,0.00295,-1.6219559029195808e-14,0.0031,-1.279943262488814e-13,0.00605,3.1935876165789524e-14,0.0061,5.4593840559391536e-14,0.0105
run,256,14,direction_L3,direction,3,20.0,unplanted,19900,0.002964824120603015,0.00032394559534431873,0.0022613065326633165,-0.009402319280968218,0.0010552763819095478,0.027527998554526773,0.0011557788944723617,-0.024822396507985865,0.005527638190954774
run,256,14,direction_L3,direction,3,20.0,planted,100,0.0,-0.0644651734767633,0.17,1.8710615368870764,1.0,-5.478071712344441,0.99,4.939656905100105,1.0
run,256,15,nullA,,,,all,20000,0.00315,-1.7857075818028533e-13,0.0031,-1.4701129202876473e-15,0.00245,1.1503686891956021e-15,0.0035,-1.8286527847521938e-14,0.00915
run,256,15,nullB,,,,all,20000,0.0031,7.703100379785611e-14,0.00295,-6.192450996422849e-14,0.00255,6.377121053446899e-16,0.00285,6.164775356864993e-14,0.00885
run,256,15,norm_L1,norm,1,1.05,all,20000,0.0033,6.885088055241795e-14,0.00315,2.0303048131609104e-14,0.00255,1.2402168181324668e-14,0.00285,6.164668775454629e-14,0.00905
run,256,15,norm_L1,norm,1,1.05,unplanted,19900,0.003015075376884422,-0.004987415622015855,0.002864321608040201,-0.005156519377890494,0.0025628140703517588,0.0004627854963247961,0.002763819095477387,-0.0007963650612509435,0.00864321608040201
run,256,15,norm_L1,norm,1,1.05,planted,100,0.06,0.9924957087949258,0.06,1.0261473562042687,0.0,-0.09209431376615365,0.02,0.1584766472012673,0.09
run,256,15,norm_L2,norm,2,1.1,all,20000,0.0037,8.456666478195984e-14,0.00385,4.610072323885106e-14,0.00255,9.946177215169882e-15,0.00285,6.164171395539597e-14,0.0095
run,256,15,norm_L2,norm,2,1.1,unplanted,19900,0.002814070351758794,-0.010529118097315694,0.002814070351758794,-0.010718962192861314,0.0025628140703517588,0.00046198439840204706,0.002763819095477387,-0.000796365061250946,0.008391959798994975
run,256,15,norm_L2,norm,2,1.1,planted,100,0.18,2.0952945013827367,0.21,2.1330734763886214,0.0,-0.09193489528001797,0.02,0.15847664720126717,0.23
run,256,15,norm_L3,norm,3,1.2,all,20000,0.00605,7.572538152089692e-14,0.00595,3.533884296302858e-14,0.00255,8.381562111026142e-15,0.00285,6.164455612633902e-14,0.0112
run,256,15,norm_L3,norm,3,1.2,unplanted,19900,0.001959798994974874,-0.020950892346381214,0.0019095477386934674,-0.021200546809196887,0.0025628140703517588,0.0004603833528726862,0.002763819095477387,-0.0007963650612509438,0.007085427135678392
run,256,15,norm_L3,norm,3,1.2,planted,100,0.82,4.169227576945006,0.81,4.218908815037249,0.0,-0.0916162872199879,0.02,0.15847664720126695,0.83
run,256,15,direction_L1,direction,1,5.0,all,20000,0.0031,7.703135906922399e-14,0.003,-1.750422029545007e-13,0.0028,-4.318252422308433e-14,0.00295,6.762874704691057e-14,0.009
run,256,15,direction_L1,direction,1,5.0,unplanted,19900,0.003065326633165829,0.0006510853237164554,0.002914572864321608,-0.0019842860186145483,0.002412060301507538,0.007744414736812334,0.002512562814070352,-0.007415502746376546,0.00849246231155779
run,256,15,direction_L1,direction,1,5.0,planted,100,0.01,-0.12956597940416809,0.02,0.3948729176692856,0.08,-1.5411385326342906,0.09,1.4756850465424585,0.11
run,256,15,direction_L2,direction,2,10.0,all,20000,0.0031,7.702887216964882e-14,0.00305,-3.215063770767301e-14,0.00445,1.3784529073745943e-14,0.0041,8.554792430004454e-14,0.0107
run,256,15,direction_L2,direction,2,10.0,unplanted,19900,0.003065326633165829,0.0006510853237164554,0.002914572864321608,-0.004425001342082303,0.0019095477386934674,0.014878337437213972,0.0022613065326633165,-0.013925329352074634,0.00793969849246231
run,256,15,direction_L2,direction,2,10.0,planted,100,0.01,-0.12956597940416845,0.03,0.8805752670679483,0.51,-2.960789150002824,0.37,2.771140541079962,0.56
run,256,15,direction_L3,direction,3,20.0,all,20000,0.0031,7.70327801546955e-14,0.0033,3.5838354506267934e-14,0.00585,-7.030820370346192e-15,0.00575,9.215028740072739e-14,0.0107
run,256,15,direction_L3,direction,3,20.0,unplanted,19900,0.003065326633165829,0.0006510853237164554,0.002814070351758794,-0.0091062277631936,0.0008542713567839196,0.027739474001052266,0.0008542713567839196,-0.025683739292078293,0.005728643216080402
run,256,15,direction_L3,direction,3,20.0,planted,100,0.01,-0.12956597940416795,0.1,1.8121393248826942,1.0,-5.520155326210808,0.98,5.11106411914201,1.0
run,256,16,nullA,,,,all,20000,0.0026,2.453148795211746e-14,0.0028,-5.235492039901146e-14,0.00235,1.2523315717771765e-16,0.00325,-4.466222947030474e-14,0.00845
run,256,16,nullB,,,,all,20000,0.0021,1.5704770817137614e-13,0.00245,-1.1694467616507609e-14,0.0025,3.0311397836157995e-14,0.0031,1.690459328074212e-13,0.00775
run,256,16,norm_L1,norm,1,1.05,all,20000,0.0023,1.5921166607313354e-13,0.0027,7.194547180233712e-14,0.0025,-4.914824103252613e-15,0.0031,1.690420248223745e-13,0.00805
run,256,16,norm_L1,norm,1,1.05,unplanted,19900,0.0020603015075376886,-0.005820805338481551,0.0023618090452261304,-0.005944211457845917,0.002512562814070352,0.0004104154715205321,0.0031155778894472364,-0.000317931597143695,0.00763819095477387
run,256,16,norm_L1,norm,1,1.05,planted,100,0.05,1.158340262389671,0.07,1.1828980801257267,0.0,-0.08167267883356878,0.0,0.06326838786540395,0.09
run,256,16,norm_L2,norm,2,1.1,all,20000,0.00325,1.506681002183541e-13,0.00345,1.1015526268920439e-13,0.0025,7.668532475690882e-15,0.0031,1.6904309063647816e-13,0.0089
run,256,16,norm_L2,norm,2,1.1,unplanted,19900,0.0019095477386934674,-0.011377166855121678,0.0022613065326633165,-0.011500169699736199,0.002512562814070352,0.0004095921637614942,0.0031155778894472364,-0.00031793159714369574,0.007437185929648241
run,256,16,norm_L2,norm,2,1.1,planted,100,0.27,2.2640562041993477,0.24,2.2885337702695354,0.0,-0.08150884058700328,0.0,0.06326838786540398,0.3
run,256,16,norm_L3,norm,3,1.2,all,20000,0.00555,1.5969554567618615e-13,0.00595,-2.936317855528614e-14,0.0025,1.3073986337985843e-15,0.0031,1.6903776156595996e-13,0.0109
run,256,16,norm_L3,norm,3,1.2,unplanted,19900,0.001256281407035176,-0.02178077285412869,0.0016582914572864321,-0.02192923604597527,0.002512562814070352,0.00040794674528889344,0.0031155778894472364,-0.00031793159714369926,0.0065829145728643216
run,256,16,norm_L3,norm,3,1.2,planted,100,0.86,4.33437379800355,0.86,4.363917973143206,0.0,-0.08118140231222867,0.0,0.06326838786540398,0.87
run,256,16,direction_L1,direction,1,5.0,all,20000,0.0021,1.5704593181453675e-13,0.00245,7.084182129801775e-14,0.0028,8.445510957244552e-15,0.0033,1.3152359201740183e-13,0.0081
run,256,16,direction_L1,direction,1,5.0,unplanted,19900,0.0021105527638190956,-0.00015117317271657907,0.002412060301507538,-0.002746509939135279,0.0022613065326633165,0.007710413438889282,0.002964824120603015,-0.006845725812312732,0.007487437185929648
run,256,16,direction_L1,direction,1,5.0,planted,100,0.0,0.030083461402008398,0.01,0.5465554779020881,0.11,-1.534372274337278,0.07,1.3622994366765386,0.13
run,256,16,direction_L2,direction,2,10.0,all,20000,0.0021,1.5704628708590462e-13,0.00245,-4.664553188149512e-14,0.00445,9.201173156725418e-15,0.0045,1.0797300831200118e-13,0.00945
run,256,16,direction_L2,direction,2,10.0,unplanted,19900,0.0021105527638190956,-0.00015117317271657907,0.0023618090452261304,-0.005168477097728733,0.0020603015075376886,0.014862857088526575,0.0026633165829145727,-0.013359226379162646,0.007035175879396985
run,256,16,direction_L2,direction,2,10.0,planted,100,0.0,0.03008346140200855,0.02,1.0285269424386896,0.48,-2.957708560614947,0.37,2.6584860494749614,0.49
run,256,16,direction_L3,direction,3,20.0,all,20000,0.0021,1.5704806344274403e-13,0.003,-1.5108856388224013e-13,0.006,-4.866862468588806e-15,0.0065,9.859704164227879e-14,0.01015
run,256,16,direction_L3,direction,3,20.0,unplanted,19900,0.0021105527638190956,-0.00015117317271657907,0.0022613065326633165,-0.00980823965281525,0.0010552763819095478,0.02775572996777723,0.0016080402010050252,-0.025196109674752266,0.0051758793969849245
run,256,16,direction_L3,direction,3,20.0,planted,100,0.0,0.030083461402008602,0.15,1.9518396908800173,0.99,-5.523390263588642,0.98,5.014025825295419,1.0
run,256,17,nullA,,,,all,20000,0.00255,9.199077055654925e-14,0.0026,-1.6357120102838964e-13,0.00225,-8.988365607365267e-17,0.00305,3.4415954530686575e-13,0.00785
run,256,17,nullB,,,,all,20000,0.0022,-6.02593530629747e-15,0.00265,2.5569590889062964e-14,0.0035,-1.1364420515747042e-14,0.0033,3.7605261127282575e-13,0.00825
run,256,17,norm_L1,norm,1,1.05,all,20000,0.0022,1.0263434546686767e-14,0.0027,-7.78538122858663e-14,0.0035,-3.735323161890846e-15,0.0033,3.760561639865045e-13,0.0083
run,256,17,norm_L1,norm,1,1.05,unplanted,19900,0.0021608040201005025,-0.005051948919825425,0.0026130653266331657,-0.005271935036801564,0.0035175879396984926,0.0006708444608247254,0.0033165829145728643,-0.0008843612037280015,0.008241206030150754
run,256,17,norm_L1,norm,1,1.05,planted,100,0.01,1.0053378350473117,0.02,1.0491150723079405,0.0,-0.13349804770486728,0.0,0.17598787961708354,0.02
run,256,17,norm_L2,norm,2,1.1,all,20000,0.003,-2.7471358521324873e-15,0.00345,-2.1340937905733882e-13,0.0035,-2.625171191539266e-14,0.0033,3.760554534437688e-13,0.0092
run,256,17,norm_L2,norm,2,1.1,unplanted,19900,0.0020603015075376886,-0.010589290607640078,0.002412060301507538,-0.010812490131358456,0.0035175879396984926,0.0006699868849147897,0.0033165829145728643,-0.0008843612037280022,0.007989949748743718
run,256,17,norm_L2,norm,2,1.1,planted,100,0.19,2.1072688309198258,0.21,2.151685536097651,0.0,-0.13332739010329359,0.0,0.17598787961708331,0.25
run,256,17,norm_L3,norm,3,1.2,all,20000,0.00555,-2.2945378930216975e-14,0.00615,7.691483006055932e-14,0.0035,2.291500322826323e-15,0.0033,3.760568745292403e-13,0.0115
run,256,17,norm_L3,norm,3,1.2,unplanted,19900,0.0013567839195979898,-0.02100251050468457,0.001708542713567839,-0.021253038308010345,0.0035175879396984926,0.0006682729499958034,0.0033165829145728643,-0.0008843612037280001,0.006934673366834171
run,256,17,norm_L3,norm,3,1.2,planted,100,0.84,4.179499590427641,0.89,4.229354623309443,0.0,-0.13298631704870556,0.0,0.17598787961708315,0.92
run,256,17,direction_L1,direction,1,5.0,all,20000,0.0022,-6.0254023992456494e-15,0.00265,-5.0683368613135826e-14,0.0037,-1.5237588968375347e-14,0.00335,3.478469068340928e-13,0.00855
run,256,17,direction_L1,direction,1,5.0,unplanted,19900,0.0022110552763819095,0.0005824952955331151,0.0026633165829145727,-0.0021107685518597687,0.0033668341708542712,0.007968737822814508,0.002914572864321608,-0.007520357972219324,0.008040201005025126
run,256,17,direction_L1,direction,1,5.0,planted,100,0.0,-0.11591656381229454,0.0,0.4200429418099574,0.07,-1.5857788267431345,0.09,1.4965512365412144,0.11
run,256,17,direction_L2,direction,2,10.0,all,20000,0.0022,-6.02735639176899e-15,0.0027,1.0057128463358822e-13,0.0053,-6.2435390191240006e-15,0.0048,2.9917686106273325e-13,0.01
run,256,17,direction_L2,direction,2,10.0,unplanted,19900,0.0022110552763819095,0.0005824952955331151,0.0026130653266331657,-0.0045407176994455845,0.002814070351758794,0.015109452965527834,0.0026633165829145727,-0.014114275874248704,0.007437185929648241
run,256,17,direction_L2,direction,2,10.0,planted,100,0.0,-0.11591656381229486,0.02,0.903602822209785,0.5,-3.006781140141287,0.43,2.808740899035328,0.52
run,256,17,direction_L3,direction,3,20.0,all,20000,0.0022,-6.02753402745293e-15,0.00295,2.7106850097879942e-14,0.00635,2.62616595136933e-15,0.0065,2.9694504632971075e-13,0.0106
run,256,17,direction_L3,direction,3,20.0,unplanted,19900,0.0022110552763819095,0.0005824952955331151,0.002512562814070352,-0.009199450948928104,0.001457286432160804,0.02795830411180197,0.0015577889447236182,-0.025844864798044306,0.005678391959798995
run,256,17,direction_L3,direction,3,20.0,planted,100,0.0,-0.11591656381229477,0.09,1.8306907388421143,0.98,-5.563702518248067,0.99,5.143128094870207,0.99
run,256,18,nullA,,,,all,20000,0.0027,1.80200743216119e-14,0.0027,1.162945295618556e-14,0.00225,3.5349501104064986e-16,0.00365,3.3417855149764364e-13,0.00855
run,256,18,nullB,,,,all,20000,0.00295,2.543934840559814e-13,0.00255,-5.452704954223009e-15,0.00315,-7.123190925995004e-15,0.0028,6.798828167120519e-14,0.0086
run,256,18,norm_L1,norm,1,1.05,all,20000,0.0031,2.40337882928543e-13,0.00275,1.2816627759093536e-13,0.00315,2.6730617719294967e-15,0.0028,6.798757112846943e-14,0.00885
run,256,18,norm_L1,norm,1,1.05,unplanted,19900,0.002864321608040201,-0.006089159783609423,0.002462311557788945,-0.005886606658848239,0.0031658291457286433,-0.0006687724784822378,0.002814070351758794,0.0007221095542014045,0.008542713567839196
run,256,18,norm_L1,norm,1,1.05,planted,100,0.05,1.2117427969863424,0.06,1.1714347251364337,0.0,0.13308572321849976,0.0,-0.14369980127248247,0.07
run,256,18,norm_L2,norm,2,1.1,all,20000,0.00365,2.443297120180432e-13,0.00335,-7.486065101147688e-14,0.00315,2.594902070995886e-15,0.0028,6.799183438488399e-14,0.0095
run,256,18,norm_L2,norm,2,1.1,unplanted,19900,0.002512562814070352,-0.011664118781118438,0.0022110552763819095,-0.01150187522653413,0.0031658291457286433,-0.0006695507556197689,0.002814070351758794,0.0007221095542014091,0.008190954773869347
run,256,18,norm_L2,norm,2,1.1,planted,100,0.23,2.3211596374914354,0.23,2.2888731700653207,0.0,0.13324060036885277,0.0,-0.14369980127248216,0.27
run,256,18,norm_L3,norm,3,1.2,all,20000,0.0059,2.1965078644825553e-13,0.00585,-1.172629993106966e-13,0.00315,6.698996912746224e-15,0.0028,6.798757112846943e-14,0.0111
run,256,18,norm_L3,norm,3,1.2,unplanted,19900,0.001256281407035176,-0.022086736225287062,0.001256281407035176,-0.022035885686059742,0.0031658291457286433,-0.0006711060753061263,0.002814070351758794,0.0007221095542014055,0.006482412060301508
run,256,18,norm_L3,norm,3,1.2,planted,100,0.93,4.395260508876056,0.92,4.3851412515024375,0.0,0.13355010898725836,0.0,-0.1436998012724826,0.93
run,256,18,direction_L1,direction,1,5.0,all,20000,0.00295,2.5439419459871713e-13,0.00255,5.775504519078822e-14,0.0032,9.58522150540375e-16,0.0027,2.3067059373715892e-14,0.00855
run,256,18,direction_L1,direction,1,5.0,unplanted,19900,0.002964824120603015,-0.0003955535686747903,0.0025628140703517588,-0.0026545072325447456,0.003065326633165829,0.0066824186577996905,0.0026130653266331657,-0.0057961973576929485,0.008442211055276382
run,256,18,direction_L1,direction,1,5.0,planted,100,0.0,0.07871516021716193,0.0,0.528246939287955,0.03,-1.3298013129019473,0.02,1.1534432741855105,0.03
run,256,18,direction_L2,direction,2,10.0,all,20000,0.00295,2.5439561568418865e-13,0.0026,-7.541842705904856e-14,0.0046,-1.729318910292932e-14,0.00375,1.6321166640409502e-14,0.01
run,256,18,direction_L2,direction,2,10.0,unplanted,19900,0.002964824120603015,-0.0003955535686747903,0.0025628140703517588,-0.005104243181206548,0.0026633165829145727,0.013924384194471803,0.0023618090452261304,-0.012267417783047097,0.007989949748743718
run,256,18,direction_L2,direction,2,10.0,planted,100,0.0,0.0787151602171623,0.01,1.0157443930450194,0.39,-2.7709524547033477,0.28,2.4412161388296365,0.41
run,256,18,direction_L3,direction,3,20.0,all,20000,0.00295,2.543938393273493e-13,0.00295,-1.7910437577484118e-13,0.0065,1.6849099893079257e-14,0.00625,-8.565592679588008e-15,0.01115
run,256,18,direction_L3,direction,3,20.0,unplanted,19900,0.002964824120603015,-0.0003955535686747903,0.0023115577889447235,-0.009803795942821653,0.001507537688442211,0.027060918069813266,0.0013065326633165829,-0.024299656495218893,0.006180904522613066
run,256,18,direction_L3,direction,3,20.0,planted,100,0.0,0.07871516021716222,0.13,1.950955392585688,1.0,-5.385122695889469,0.99,4.835631642546847,1.0
run,256,19,nullA,,,,all,20000,0.0037,1.4226806399619817e-13,0.0036,2.8990143619012086e-15,0.0029,-2.9416469260468147e-16,0.00325,3.519410540775425e-13,0.00985
run,256,19,nullB,,,,all,20000,0.0022,-9.029399450355413e-15,0.00225,1.8420287517528777e-14,0.0025,-2.6555113663562223e-14,0.0023,5.793765467387857e-15,0.0068
run,256,19,norm_L1,norm,1,1.05,all,20000,0.00235,-1.9189805300356964e-14,0.00235,1.0499281444253938e-13,0.0025,-3.355324906806345e-14,0.0023,5.799449809273938e-15,0.007
run,256,19,norm_L1,norm,1,1.05,unplanted,19900,0.0021608040201005025,-0.0059899038074402505,0.0022613065326633165,-0.005862450179428911,0.002462311557788945,-0.00041014704540567713,0.0023115577889447235,0.0006686646556727854,0.0067839195979899495
run,256,19,norm_L1,norm,1,1.05,planted,100,0.04,1.1919908576767717,0.02,1.1666275857273525,0.01,0.0816192620290193,0.0,-0.13306426647772454,0.05
run,256,19,norm_L2,norm,2,1.1,all,20000,0.0031,-1.4716317053853344e-14,0.0035,-9.566676340000413e-14,0.00255,-7.784706212987657e-15,0.0023,5.799449809273938e-15,0.00805
run,256,19,norm_L2,norm,2,1.1,unplanted,19900,0.0020100502512562816,-0.011508883289841742,0.0022110552763819095,-0.011410133361086903,0.002512562814070352,-0.0004111035494499756,0.0023115577889447235,0.000668664655672789,0.0066834170854271355
run,256,19,norm_L2,norm,2,1.1,planted,100,0.22,2.2902677746755646,0.26,2.2706165388371606,0.01,0.08180960633898804,0.0,-0.13306426647772512,0.28
run,256,19,norm_L3,norm,3,1.2,all,20000,0.006,-1.9802648409950052e-14,0.006,1.353832601580507e-14,0.00255,2.7177549100088072e-14,0.0023,5.794476010123617e-15,0.0106
run,256,19,norm_L3,norm,3,1.2,unplanted,19900,0.001457286432160804,-0.021843044972589588,0.001457286432160804,-0.021831752631587417,0.002512562814070352,-0.00041301507296710163,0.0023115577889447235,0.0006686646556727832,0.005979899497487437
run,256,19,norm_L3,norm,3,1.2,planted,100,0.91,4.346765949541367,0.91,4.344518773688604,0.01,0.08218999952588871,0.0,-0.13306426647772504,0.93
run,256,19,direction_L1,direction,1,5.0,all,20000,0.0022,-9.030287628775113e-15,0.00225,3.5866420944330455e-15,0.0024,-2.042099822574528e-15,0.00235,-3.515481239446672e-14,0.00675
run,256,19,direction_L1,direction,1,5.0,unplanted,19900,0.0022110552763819095,-0.0003567748807087284,0.0022613065326633165,-0.002676606345793774,0.0022613065326633165,0.006912961116005834,0.0023115577889447235,-0.0059276982578166815,0.0066331658291457285
run,256,19,direction_L1,direction,1,5.0,planted,100,0.0,0.07099820125923136,0.0,0.5326446628136786,0.03,-1.3756792620855691,0.01,1.1796119532984881,0.03
run,256,19,direction_L2,direction,2,10.0,all,20000,0.0022,-9.028688907619653e-15,0.0023,4.205471526574911e-14,0.00385,-8.839862175591406e-15,0.00345,-4.503490913521091e-14,0.00815
run,256,19,direction_L2,direction,2,10.0,unplanted,19900,0.0022110552763819095,-0.0003567748807087284,0.0022613065326633165,-0.005101641316784192,0.0018592964824120603,0.01411896107238481,0.001959798994974874,-0.012502406576693067,0.005979899497487437
run,256,19,direction_L2,direction,2,10.0,planted,100,0.0,0.07099820125923167,0.01,1.0152266220484656,0.4,-2.8096732534063453,0.3,2.4879789087529134,0.44
run,256,19,direction_L3,direction,3,20.0,all,20000,0.0022,-9.028511271935713e-15,0.00285,-1.7450112466121936e-13,0.0057,5.4555471251660495e-15,0.00605,-4.402451736496005e-14,0.00945
run,256,19,direction_L3,direction,3,20.0,unplanted,19900,0.0022110552763819095,-0.0003567748807087284,0.0022110552763819095,-0.009753195624570542,0.0008040201005025126,0.027177202948738596,0.001206030150753769,-0.024532930376801192,0.00457286432160804
run,256,19,direction_L3,direction,3,20.0,planted,100,0.0,0.07099820125923159,0.13,1.9408859292546379,0.98,-5.408263386797891,0.97,4.882053144974633,0.98
run,256,20,nullA,,,,all,20000,0.0021,7.77646391725284e-14,0.00215,1.2206484711896336e-13,0.00315,-6.444622613344109e-16,0.00295,-1.5063861269482005e-13,0.00825
run,256,20,nullB,,,,all,20000,0.0022,4.5758952182950455e-14,0.0018,-6.019789111633144e-14,0.00235,-2.7280488978931316e-14,0.0028,8.914007310067972e-14,0.00685
run,256,20,norm_L1,norm,1,1.05,all,20000,0.0024,4.4951775635126975e-14,0.002,-1.9520740579537233e-14,0.00235,-1.3735323989294557e-14,0.0028,8.914184945751913e-14,0.0071
run,256,20,norm_L1,norm,1,1.05,unplanted,19900,0.0020603015075376886,-0.0063899014723569365,0.0017587939698492463,-0.006238202950664421,0.0023618090452261304,-0.00047875297490722915,0.002814070351758794,0.0005333900573172997,0.0067336683417085425
run,256,20,norm_L1,norm,1,1.05,planted,100,0.07,1.2715903930080201,0.05,1.241402387178316,0.0,0.09527184200379148,0.0,-0.10614462138831454,0.08
run,256,20,norm_L2,norm,2,1.1,all,20000,0.0029,3.427942374401027e-14,0.0028,-8.289475772471632e-14,0.00235,9.918021959265389e-15,0.0028,8.913829674384033e-14,0.0077
run,256,20,norm_L2,norm,2,1.1,unplanted,19900,0.0018592964824120603,-0.011920159499562011,0.0016582914572864321,-0.01179718340184026,0.0023618090452261304,-0.000479558245174381,0.002814070351758794,0.0005333900573172982,0.006532663316582915
run,256,20,norm_L2,norm,2,1.1,planted,100,0.21,2.3721117404196956,0.23,2.347639496949633,0.0,0.09543209079168552,0.0,-0.1061446213883148,0.24
run,256,20,norm_L3,norm,3,1.2,all,20000,0.0056,4.1043790588446425e-14,0.0058,-6.38280539533298e-14,0.00235,-1.3707168733390063e-14,0.0028,8.914433635709429e-14,0.0103
run,256,20,norm_L3,norm,3,1.2,unplanted,19900,0.0010050251256281408,-0.022251677752722684,0.0011557788944723617,-0.02221715627565545,0.0023618090452261304,-0.0004811675258039072,0.002814070351758794,0.0005333900573173013,0.005577889447236181
run,256,20,norm_L3,norm,3,1.2,planted,100,0.92,4.428083872800022,0.93,4.421214098842669,0.0,0.09575233763223645,0.0,-0.10614462138831424,0.95
run,256,20,direction_L1,direction,1,5.0,all,20000,0.0022,4.575753109747893e-14,0.0018,-1.9288250996396529e-13,0.0026,6.933476015547058e-15,0.0027,9.953513568916605e-14,0.0069
run,256,20,direction_L1,direction,1,5.0,unplanted,19900,0.0022110552763819095,-0.0007369751667127903,0.0018090452261306533,-0.0030228297352618,0.0022110552763819095,0.006872176930348739,0.0026130653266331657,-0.006136479817967898,0.006532663316582915
run,256,20,direction_L1,direction,1,5.0,planted,100,0.0,0.1466580581849965,0.0,0.6015431172785226,0.08,-1.3675632091380123,0.02,1.221159483795518,0.08
run,256,20,direction_L2,direction,2,10.0,all,20000,0.0022,4.575682055474317e-14,0.00195,-6.385576512002445e-14,0.00385,3.9551473207666276e-14,0.0042,8.860805422727936e-14,0.0085
run,256,20,direction_L2,direction,2,10.0,unplanted,19900,0.0022110552763819095,-0.0007369751667127903,0.0017587939698492463,-0.005437010222117077,0.0019095477386934674,0.014106006206453902,0.002412060301507538,-0.012779322877584138,0.006180904522613066
run,256,20,direction_L2,direction,2,10.0,planted,100,0.0,0.14665805818499666,0.04,1.0819650341885274,0.39,-2.8070952350764173,0.36,2.5430852526569656,0.47
run,256,20,direction_L3,direction,3,20.0,all,20000,0.0022,4.5758952182950455e-14,0.0025,3.299831519143481e-14,0.00585,3.249311930630938e-15,0.0065,9.701990322241727e-14,0.0095
run,256,20,direction_L3,direction,3,20.0,unplanted,19900,0.0022110552763819095,-0.0007369751667127903,0.001708542713567839,-0.010065459561668325,0.0009045226130653266,0.02721018034107754,0.0016080402010050252,-0.024785783414408735,0.00457286432160804
run,256,20,direction_L3,direction,3,20.0,planted,100,0.0,0.1466580581849967,0.16,2.003026452778597,0.99,-5.414825887873783,0.98,4.932370899486743,0.99
run,512,1,nullA,,,,all,20000,0.0025,7.931610923606059e-14,0.0025,1.0931131555480533e-13,0.003,-1.2239098623467726e-16,0.0035,1.404600880050566e-12,0.009
run,512,1,nullB,,,,all,20000,0.00265,3.642188772801091e-14,0.00285,-2.032775725524516e-13,0.00255,-1.6412826653322553e-14,0.00245,3.4027465289909743e-13,0.00765
run,512,1,norm_L1,norm,1,1.05,all,20000,0.00305,5.172005046460981e-14,0.0031,8.55859383364077e-14,0.00255,7.203482255135896e-15,0.00245,3.4027785034140836e-13,0.008
run,512,1,norm_L1,norm,1,1.05,unplanted,19900,0.002412060301507538,-0.008573186165822928,0.0026633165829145727,-0.008339832726331651,0.0025628140703517588,-0.0006761739558097843,0.002462311557788945,0.000644245188305826,0.007336683417085427
run,512,1,norm_L1,norm,1,1.05,planted,100,0.13,1.706064047009107,0.09,1.659626712557116,0.0,0.1345586172075878,0.0,-0.12820479240480354,0.14
run,512,1,norm_L2,norm,2,1.1,all,20000,0.0048,3.2684610573596727e-14,0.005,1.7939241203634993e-13,0.00255,6.73665567774151e-15,0.00245,3.4027394235636165e-13,0.0096
run,512,1,norm_L2,norm,2,1.1,unplanted,19900,0.001959798994974874,-0.016234885321090818,0.0021608040201005025,-0.01602599253460113,0.0025628140703517588,-0.0006772915498512822,0.002462311557788945,0.0006442451883058243,0.006532663316582915
run,512,1,norm_L2,norm,2,1.1,planted,100,0.57,3.23074217890361,0.57,3.1891725144215037,0.0,0.13478101842175302,0.0,-0.12820479240480395,0.62
run,512,1,norm_L3,norm,3,1.2,all,20000,0.00605,4.1170444831095665e-14,0.00585,-1.402554516971577e-13,0.00255,2.0938273337378633e-14,0.00245,3.402767845273047e-13,0.01015
run,512,1,norm_L3,norm,3,1.2,unplanted,19900,0.0010552763819095478,-0.029730384080158025,0.0008542713567839196,-0.029618874368195422,0.0025628140703517588,-0.0006795249952790967,0.002462311557788945,0.000644245188305824,0.0051758793969849245
run,512,1,norm_L3,norm,3,1.2,planted,100,1.0,5.916346431959682,1.0,5.894155999242838,0.0,0.13522547406472765,0.0,-0.1282047924048035,1.0
run,512,1,direction_L1,direction,1,5.0,all,20000,0.00265,3.6420644278223335e-14,0.00285,1.881197420061653e-14,0.00305,-1.7105250549320773e-14,0.0026,3.157996530944729e-13,0.00805
run,512,1,direction_L1,direction,1,5.0,unplanted,19900,0.0026633165829145727,-0.000591462019099746,0.002814070351758794,-0.0038370730073628207,0.0023115577889447235,0.00962537579654322,0.0022110552763819095,-0.008601104307025355,0.00728643216080402
run,512,1,direction_L1,direction,1,5.0,planted,100,0.0,0.11770094180813351,0.01,0.763577528468964,0.15,-1.9154497835155218,0.08,1.7116197571612057,0.16
run,512,1,direction_L2,direction,2,10.0,all,20000,0.00265,3.6417802107280295e-14,0.00295,5.67261793094076e-15,0.00595,2.3724666675661866e-14,0.005,2.4215580651798517e-13,0.0106
run,512,1,direction_L2,direction,2,10.0,unplanted,19900,0.0026633165829145727,-0.000591462019099746,0.0026633165829145727,-0.0072495767379532295,0.0016582914572864321,0.019476553648065643,0.0017587939698492463,-0.017612625875924926,0.00628140703517588
run,512,1,direction_L2,direction,2,10.0,planted,100,0.0,0.11770094180813304,0.06,1.4426657708538266,0.86,-3.8758341759603185,0.65,3.5049125493574924,0.87
run,512,1,direction_L3,direction,3,20.0,all,20000,0.00265,3.641709156454454e-14,0.00435,-1.1410392630750722e-13,0.0057,2.0472157302720008e-14,0.0055,2.842188706608795e-13,0.00945
run,512,1,direction_L3,direction,3,20.0,unplanted,19900,0.0026633165829145727,-0.000591462019099746,0.0023618090452261304,-0.01371475094219405,0.0007035175879396985,0.03579545265413343,0.0005025125628140704,-0.032716419371893346,0.004472361809045226
run,512,1,direction_L3,direction,3,20.0,planted,100,0.0,0.11770094180813316,0.4,2.729235437473796,1.0,-7.123295078168457,1.0,6.51056745506362,1.0
run,512,2,nullA,,,,all,20000,0.00265,1.2593872611432743e-13,0.0027,-8.011724617063009e-14,0.00285,-3.979039320256561e-17,0.0034,-1.913612379667029e-13,0.00885
run,512,2,nullB,,,,all,20000,0.00275,-6.307274702521681e-14,0.00275,2.958913114525785e-14,0.0028,-7.65227881061037e-15,0.0028,-1.0363265801061062e-13,0.00835
run,512,2,norm_L1,norm,1,1.05,all,20000,0.003,-6.76799061238853e-14,0.00325,9.165752601347776e-14,0.0028,1.503090985011113e-14,0.0028,-1.0363248037492667e-13,0.0088
run,512,2,norm_L1,norm,1,1.05,unplanted,19900,0.0026130653266331657,-0.008410767960625017,0.0026633165829145727,-0.008497110592472086,0.002814070351758794,0.00023118030010619846,0.002814070351758794,-0.00035740614589531726,0.008190954773869347
run,512,2,norm_L1,norm,1,1.05,planted,100,0.08,1.6737428241508423,0.12,1.6909250079202771,0.0,-0.046004879718127736,0.0,0.07112382301244179,0.13
run,512,2,norm_L2,norm,2,1.1,all,20000,0.005,-5.239613187768555e-14,0.0051,-1.1952003831083857e-13,0.0028,-1.2035616947514427e-14,0.0028,-1.0363159219650697e-13,0.01055
run,512,2,norm_L2,norm,2,1.1,unplanted,19900,0.001959798994974874,-0.016044162577118014,0.0022110552763819095,-0.016156339028956992,0.002814070351758794,0.00023001998572829368,0.002814070351758794,-0.00035740614589531975,0.007437185929648241
run,512,2,norm_L2,norm,2,1.1,planted,100,0.61,3.1927883528360055,0.58,3.215111466738538,0.0,-0.04577397716233761,0.0,0.0711238230124422,0.63
run,512,2,norm_L3,norm,3,1.2,all,20000,0.006,-4.9348969355378356e-14,0.00585,5.76878989022589e-14,0.0028,-2.3247448410756987e-14,0.0028,-1.0363674363134124e-13,0.01065
run,512,2,norm_L3,norm,3,1.2,unplanted,19900,0.0011055276381909548,-0.029512646913711162,0.0009547738693467337,-0.029693317022030482,0.002814070351758794,0.00022770107136439721,0.002814070351758794,-0.0003574061458953212,0.005728643216080402
run,512,2,norm_L3,norm,3,1.2,planted,100,0.98,5.873016735818651,0.98,5.908970087395603,0.0,-0.04531251320616443,0.0,0.07112382301244159,0.99
run,512,2,direction_L1,direction,1,5.0,all,20000,0.00275,-6.30695495829059e-14,0.00275,-1.332601584635995e-13,0.0033,8.610978596834684e-15,0.0034,-1.9812169682609238e-13,0.00905
run,512,2,direction_L1,direction,1,5.0,unplanted,19900,0.002763819095477387,-0.0004652969216294685,0.002763819095477387,-0.004013408285731465,0.0022613065326633165,0.01056735637553559,0.0027135678391959797,-0.009665846978961164,0.008040201005025126
run,512,2,direction_L1,direction,1,5.0,planted,100,0.0,0.09259408739164994,0.0,0.7986682488339093,0.21,-2.1029039187298606,0.14,1.9235035487736476,0.21
run,512,2,direction_L2,direction,2,10.0,all,20000,0.00275,-6.30695495829059e-14,0.00295,-1.1747403050321737e-13,0.00585,9.071499107449199e-15,0.0055,-2.716848968020713e-13,0.01115
run,512,2,direction_L2,direction,2,10.0,unplanted,19900,0.002763819095477387,-0.0004652969216294685,0.0026633165829145727,-0.007419586069225369,0.0016582914572864321,0.020386126400656613,0.001959798994974874,-0.01863100438465908,0.006884422110552763
run,512,2,direction_L2,direction,2,10.0,planted,100,0.0,0.09259408739165023,0.06,1.4764976277523543,0.84,-4.056839153728852,0.71,3.707569872492819,0.86
run,512,2,direction_L3,direction,3,20.0,all,20000,0.00275,-6.306883904017014e-14,0.00445,-7.278337932348222e-14,0.00535,1.7935875007424328e-14,0.00575,-2.3278232674783796e-13,0.0097
run,512,2,direction_L3,direction,3,20.0,unplanted,19900,0.002763819095477387,-0.0004652969216294685,0.0023618090452261304,-0.013864276585079986,0.00035175879396984926,0.03651255130615569,0.0007537688442211055,-0.03322768122336688,0.004723618090452261
run,512,2,direction_L3,direction,3,20.0,planted,100,0.0,0.09259408739164991,0.42,2.7589910404163596,1.0,-7.265997709921394,1.0,6.612308563403452,1.0
run,512,3,nullA,,,,all,20000,0.00265,-1.6197283514429727e-13,0.00265,-1.945487326793227e-13,0.0031,-6.52278231427772e-16,0.0035,-2.6456632440385875e-13,0.00925
run,512,3,nullB,,,,all,20000,0.00225,1.9432278008935098e-14,0.0026,3.278444182797102e-15,0.0024,2.185256420261794e-14,0.0023,2.1542128081364353e-13,0.00695
run,512,3,norm_L1,norm,1,1.05,all,20000,0.00295,4.6204462478272034e-14,0.0031,-1.1696883461809193e-13,0.0024,3.783640067922533e-15,0.0023,2.1542554407005808e-13,0.00765
run,512,3,norm_L1,norm,1,1.05,unplanted,19900,0.0021105527638190956,-0.008776323826020059,0.0023115577889447235,-0.008892671110550646,0.002412060301507538,0.0002925146446676781,0.0022613065326633165,-0.0003078125555936861,0.0066331658291457285
run,512,3,norm_L1,norm,1,1.05,planted,100,0.17,1.7464884413872326,0.16,1.7696415509761847,0.0,-0.05821041428811056,0.01,0.06125469860622878,0.21
run,512,3,norm_L2,norm,2,1.1,all,20000,0.0045,3.8354919240646266e-14,0.0047,2.0092407737593022e-13,0.0024,-4.442846091023966e-14,0.0023,2.1541772809996474e-13,0.00925
run,512,3,norm_L2,norm,2,1.1,unplanted,19900,0.0016080402010050252,-0.016446970254040513,0.0016080402010050252,-0.016592903483964302,0.002412060301507538,0.000291405468398925,0.0022613065326633165,-0.00030781255559369147,0.00592964824120603
run,512,3,norm_L2,norm,2,1.1,planted,100,0.58,3.2729470805617327,0.62,3.301987793349081,0.0,-0.05798968822027197,0.01,0.06125469860622826,0.67
run,512,3,norm_L3,norm,3,1.2,all,20000,0.0058,1.835882557088553e-14,0.0056,4.0689585034670014e-14,0.0024,-3.6364689037782225e-14,0.0023,2.1542518879869022e-13,0.00965
run,512,3,norm_L3,norm,3,1.2,unplanted,19900,0.0008542713567839196,-0.02993079111395818,0.0006532663316582914,-0.030147046289879444,0.002412060301507538,0.0002891887624544518,0.0022613065326633165,-0.00030781255559369076,0.004723618090452261
run,512,3,norm_L3,norm,3,1.2,planted,100,0.99,5.956227431681349,0.99,5.999262211694147,0.0,-0.05754856373570846,0.01,0.06125469860622929,0.99
run,512,3,direction_L1,direction,1,5.0,all,20000,0.00225,1.943263328030298e-14,0.00255,-9.346479146188358e-14,0.0031,-3.179003726927476e-14,0.0027,9.748397644671058e-14,0.0076
run,512,3,direction_L1,direction,1,5.0,unplanted,19900,0.0022613065326633165,-0.0007748278980847759,0.002512562814070352,-0.004367694852602775,0.0021608040201005025,0.010598398972368441,0.001959798994974874,-0.00960721942526618,0.006482412060301508
run,512,3,direction_L1,direction,1,5.0,planted,100,0.0,0.15419075172275679,0.01,0.8691712756492592,0.19,-2.109081395507678,0.15,1.9118366656474672,0.23
run,512,3,direction_L2,direction,2,10.0,all,20000,0.00225,1.943263328030298e-14,0.003,-5.911982015049944e-14,0.0058,-7.95061794178764e-15,0.00525,8.871143819533245e-14,0.00995
run,512,3,direction_L2,direction,2,10.0,unplanted,19900,0.0022613065326633165,-0.0007748278980847759,0.0023618090452261304,-0.007790803080929979,0.0016080402010050252,0.020387861337876068,0.0016080402010050252,-0.018537705162740028,0.005728643216080402
run,512,3,direction_L2,direction,2,10.0,planted,100,0.0,0.15419075172275654,0.13,1.5503698130932424,0.84,-4.057184406238926,0.73,3.6890033274030083,0.85
run,512,3,direction_L3,direction,3,20.0,all,20000,0.00225,1.942979110935994e-14,0.00415,1.9324968292266931e-13,0.00535,3.1499780561716763e-14,0.0057,6.692371101735262e-14,0.0087
run,512,3,direction_L3,direction,3,20.0,unplanted,19900,0.0022613065326633165,-0.0007748278980847759,0.0019095477386934674,-0.01425895878988382,0.00035175879396984926,0.036474121454155926,0.0007035175879396985,-0.03345358248326788,0.0037185929648241205
run,512,3,direction_L3,direction,3,20.0,planted,100,0.0,0.15419075172275615,0.45,2.8375327992255306,1.0,-7.25835016937073,1.0,6.657262914183693,1.0
run,512,4,nullA,,,,all,20000,0.00255,6.068745506127016e-14,0.0025,-1.5822436694179487e-13,0.0026,-6.640021865678137e-16,0.00345,-3.150296024045929e-13,0.0086
run,512,4,nullB,,,,all,20000,0.0036,5.707203598603883e-14,0.0028,-8.505391946300734e-14,0.0024,2.6083490922701458e-14,0.0024,-1.0861018751029405e-13,0.0084
run,512,4,norm_L1,norm,1,1.05,all,20000,0.00395,5.578328909905394e-14,0.00315,-5.034443972817826e-14,0.0024,-9.206146955875738e-15,0.0024,-1.086121415028174e-13,0.0089
run,512,4,norm_L1,norm,1,1.05,unplanted,19900,0.003417085427135678,-0.008559430958684148,0.002512562814070352,-0.008411006041317382,0.0023618090452261304,-0.0005804729545808868,0.0023618090452261304,0.0008480394531872573,0.008291457286432161
run,512,4,norm_L1,norm,1,1.05,planted,100,0.11,1.7033267607893021,0.13,1.6737902022120905,0.01,0.1155141179597553,0.01,-0.16875985120598638,0.13
run,512,4,norm_L2,norm,2,1.1,all,20000,0.0057,5.385416557146527e-14,0.00445,8.805400852907041e-15,0.0024,3.927702607597894e-14,0.0024,-1.0861516130944437e-13,0.01025
run,512,4,norm_L2,norm,2,1.1,unplanted,19900,0.002763819095477387,-0.01618947759228948,0.0018090452261306533,-0.016108258491949426,0.0023618090452261304,-0.0005816367656965559,0.0023618090452261304,0.0008480394531872543,0.007185929648241206
run,512,4,norm_L2,norm,2,1.1,planted,100,0.59,3.2217060408763762,0.53,3.2055434398996967,0.01,0.1157457163814697,0.01,-0.16875985120598602,0.62
run,512,4,norm_L3,norm,3,1.2,all,20000,0.00605,3.094857703445086e-14,0.0059,9.985861026962084e-14,0.0024,-3.6054359497939006e-14,0.0024,-1.0861676003059984e-13,0.01025
run,512,4,norm_L3,norm,3,1.2,unplanted,19900,0.0010552763819095478,-0.029637839350470246,0.0009045226130653266,-0.0297073466715665,0.0023618090452261304,-0.0005839625820077388,0.0023618090452261304,0.0008480394531872515,0.0052763819095477385
run,512,4,norm_L3,norm,3,1.2,planted,100,1.0,5.897930030749771,1.0,5.911761987661705,0.01,0.11620855381232985,0.01,-0.16875985120598602,1.0
run,512,4,direction_L1,direction,1,5.0,all,20000,0.0036,5.707203598603883e-14,0.00285,1.2004015559341496e-13,0.003,1.0693490537505567e-14,0.00265,-1.645300784502979e-13,0.00895
run,512,4,direction_L1,direction,1,5.0,unplanted,19900,0.0035678391959798996,-0.0006113150720490798,0.002763819095477387,-0.0038970481162693906,0.0022613065326633165,0.009711980770464639,0.0021105527638190956,-0.008454195569206024,0.008040201005025126
run,512,4,direction_L1,direction,1,5.0,planted,100,0.01,0.12165169934918146,0.02,0.775512575161616,0.15,-1.9326841733203242,0.11,1.682384918239093,0.19
run,512,4,direction_L2,direction,2,10.0,all,20000,0.0036,5.70706149005673e-14,0.003,-1.5910472939140162e-14,0.00585,-1.8117241040727094e-14,0.0048,-2.3500987822444586e-13,0.0115
run,512,4,direction_L2,direction,2,10.0,unplanted,19900,0.0035678391959798996,-0.0006113150720490798,0.0026633165829145727,-0.007313453741764388,0.0016080402010050252,0.01954880158887002,0.0015577889447236182,-0.01753595080658945,0.007135678391959799
run,512,4,direction_L2,direction,2,10.0,planted,100,0.01,0.1216516993491812,0.07,1.4553772946079309,0.85,-3.8902115161887583,0.65,3.4896542104642987,0.88
run,512,4,direction_L3,direction,3,20.0,all,20000,0.0036,5.707203598603883e-14,0.00375,-2.1936941152489452e-14,0.00525,5.022053883863009e-14,0.00555,-2.0790791310787425e-13,0.0097
run,512,4,direction_L3,direction,3,20.0,unplanted,19900,0.0035678391959798996,-0.0006113150720490798,0.0020100502512562816,-0.013783764398104763,0.0002512562814070352,0.03583646279110271,0.0005527638190954774,-0.032891782084954364,0.004723618090452261
run,512,4,direction_L3,direction,3,20.0,planted,100,0.01,0.12165169934918149,0.35,2.742969115218461,1.0,-7.131456095419395,1.0,6.545464634864336,1.0
run,512,5,nullA,,,,all,20000,0.00305,-1.1113954201391607e-14,0.00315,8.360192538248156e-14,0.00265,-7.432277016050648e-16,0.0031,-7.132117119112991e-13,0.00875
run,512,5,nullB,,,,all,20000,0.0027,6.1191940403659826e-15,0.0025,-1.1033023383788531e-13,0.0025,5.625189203328773e-15,0.00275,3.944066406802449e-13,0.00805
run,512,5,norm_L1,norm,1,1.05,all,20000,0.0032,2.897522222156112e-14,0.00285,-1.6617889286862918e-13,0.0025,-1.5281997889360354e-14,0.00275,3.9440912757982006e-13,0.0085
run,512,5,norm_L1,norm,1,1.05,unplanted,19900,0.0025628140703517588,-0.008270993015957484,0.0022110552763819095,-0.008372776350752554,0.002512562814070352,0.0003126815086512016,0.002763819095477387,-0.00022510693702832013,0.007788944723618091
run,512,5,norm_L1,norm,1,1.05,planted,100,0.13,1.6459276101813343,0.13,1.6661824937665222,0.0,-0.06222362022464566,0.0,0.04479628054751776,0.15
run,512,5,norm_L2,norm,2,1.1,all,20000,0.0049,1.7707435517877458e-14,0.00465,1.1123049148409336e-13,0.0025,-7.143619029648107e-15,0.00275,3.944116144793952e-13,0.01025
run,512,5,norm_L2,norm,2,1.1,unplanted,19900,0.0022613065326633165,-0.015907307153741976,0.0019095477386934674,-0.016020941456965383,0.002512562814070352,0.0003115913084129184,0.002763819095477387,-0.00022510693702832246,0.007336683417085427
run,512,5,norm_L2,norm,2,1.1,planted,100,0.53,3.1655541235981945,0.55,3.1881673499583583,0.0,-0.062006670375599364,0.0,0.04479628054751838,0.59
run,512,5,norm_L3,norm,3,1.2,all,20000,0.00605,9.755751761986176e-15,0.00605,1.4846079920971533e-14,0.0025,-2.3666224535645598e-14,0.00275,3.9441037102960763e-13,0.0109
run,512,5,norm_L3,norm,3,1.2,unplanted,19900,0.0011055276381909548,-0.029392921746198147,0.0011055276381909548,-0.029553169813501284,0.002512562814070352,0.00030941251408683816,0.002763819095477387,-0.0002251069370283212,0.005979899497487437
run,512,5,norm_L3,norm,3,1.2,planted,100,0.99,5.849191427495382,0.99,5.881080792889727,0.0,-0.06157309030801427,0.0,0.04479628054751797,0.99
run,512,5,direction_L1,direction,1,5.0,all,20000,0.0027,6.1149307839514224e-15,0.0027,7.163905024754058e-14,0.00315,-2.4123991693159042e-14,0.00305,2.478095950664283e-13,0.0088
run,512,5,direction_L1,direction,1,5.0,unplanted,19900,0.0027135678391959797,-0.00032765145579136156,0.002512562814070352,-0.003894416546726853,0.002462311557788945,0.01074499972030236,0.002462311557788945,-0.009570963891905617,0.007788944723618091
run,512,5,direction_L1,direction,1,5.0,planted,100,0.0,0.06520263970370484,0.04,0.7749888928129722,0.14,-2.1382549443449945,0.12,1.9046218145387797,0.21
run,512,5,direction_L2,direction,2,10.0,all,20000,0.0027,6.1184834976302225e-15,0.0028,-8.857199418343953e-14,0.0062,-3.765165956792771e-15,0.00575,2.791955111547395e-13,0.01115
run,512,5,direction_L2,direction,2,10.0,unplanted,19900,0.0027135678391959797,-0.00032765145579136156,0.0023115577889447235,-0.007290214325842771,0.0016080402010050252,0.02063772297597637,0.0018592964824120603,-0.018593826517843533,0.006482412060301508
run,512,5,direction_L2,direction,2,10.0,planted,100,0.0,0.06520263970370545,0.1,1.450752650824997,0.92,-4.10690687222005,0.78,3.700171477106703,0.94
run,512,5,direction_L3,direction,3,20.0,all,20000,0.0027,6.1163518694229425e-15,0.00385,2.992379677380086e-14,0.0052,-1.0929168681172995e-14,0.00565,2.756538108883433e-13,0.00915
run,512,5,direction_L3,direction,3,20.0,unplanted,19900,0.0027135678391959797,-0.00032765145579136156,0.0020603015075376886,-0.013717266239854675,0.00020100502512562814,0.03681927174652117,0.0006532663316582914,-0.033794915455330594,0.004170854271356784
run,512,5,direction_L3,direction,3,20.0,planted,100,0.0,0.06520263970370509,0.36,2.729735981737065,1.0,-7.327035077559897,1.0,6.725188175665917,1.0
run,512,6,nullA,,,,all,20000,0.0027,-2.649230168572103e-13,0.00265,3.4972913454112133e-15,0.00275,-1.0594192190183095e-15,0.00375,-7.111729871667194e-13,0.00905
run,512,6,nullB,,,,all,20000,0.0027,-4.108073881070595e-14,0.0019,3.0946978313295406e-14,0.00275,-2.8251179173821584e-15,0.0028,2.907945884089713e-13,0.00775
run,512,6,norm_L1,norm,1,1.05,all,20000,0.00315,-2.879509963804594e-14,0.0024,1.2584422393047134e-14,0.00275,3.0800606509728826e-14,0.0028,2.9079600949444283e-13,0.00825
run,512,6,norm_L1,norm,1,1.05,unplanted,19900,0.002512562814070352,-0.008304897920110788,0.0018592964824120603,-0.00824725228406847,0.002763819095477387,-0.0001975872360010634,0.002814070351758794,0.0002574150713714204,0.007587939698492462
run,512,6,norm_L1,norm,1,1.05,planted,100,0.13,1.6526746860962884,0.11,1.6412032045321425,0.0,0.03931985997037185,0.0,-0.05122559914475336,0.14
run,512,6,norm_L2,norm,2,1.1,all,20000,0.00445,-4.4987480407598925e-14,0.0041,1.3974386092741043e-13,0.00275,3.0249225346778986e-14,0.0028,2.907967200371786e-13,0.0097
run,512,6,norm_L2,norm,2,1.1,unplanted,19900,0.0018090452261306533,-0.015956568094707597,0.0015577889447236182,-0.015928390624625765,0.002763819095477387,-0.00019877741398947486,0.002814070351758794,0.0002574150713714197,0.006934673366834171
run,512,6,norm_L2,norm,2,1.1,planted,100,0.53,3.1753570508378135,0.51,3.169749734328477,0.0,0.03955670538995498,0.0,-0.051225599144752845,0.56
run,512,6,norm_L3,norm,3,1.2,all,20000,0.00575,-5.995151042270663e-14,0.00565,-3.157353489768866e-13,0.00275,-4.338573944551172e-15,0.0028,2.9079600949444283e-13,0.0104
run,512,6,norm_L3,norm,3,1.2,unplanted,19900,0.0007537688442211055,-0.02946080401961023,0.0006532663316582914,-0.029521015845085822,0.002763819095477387,-0.0002011559556649859,0.002814070351758794,0.0002574150713714204,0.005427135678391959
run,512,6,norm_L3,norm,3,1.2,planted,100,1.0,5.862699999890447,1.0,5.874682153108932,0.0,0.0400300351764646,0.0,-0.05122559914475356,1.0
run,512,6,direction_L1,direction,1,5.0,all,20000,0.0027,-4.108358098164899e-14,0.00195,-6.111875450187653e-14,0.0033,3.8211567243706666e-14,0.00315,2.9245370569697114e-13,0.0082
run,512,6,direction_L1,direction,1,5.0,unplanted,19900,0.0027135678391959797,-0.0003435222864829391,0.0019095477386934674,-0.003756559311337488,0.002512562814070352,0.010144047586790775,0.0025628140703517588,-0.009081852877317982,0.00728643216080402
run,512,6,direction_L1,direction,1,5.0,planted,100,0.0,0.06836093500188646,0.01,0.7475553029439365,0.16,-2.0186654697637225,0.12,1.8072887226447691,0.19
run,512,6,direction_L2,direction,2,10.0,all,20000,0.0027,-4.1082870438913235e-14,0.0023,-1.153772188899893e-13,0.00595,5.768185928900493e-15,0.00535,2.732988946263504e-13,0.0107
run,512,6,direction_L2,direction,2,10.0,unplanted,19900,0.0027135678391959797,-0.0003435222864829391,0.0018592964824120603,-0.0071720787916340215,0.0018090452261306533,0.019996451387667792,0.0017587939698492463,-0.01816743233636826,0.006381909547738694
run,512,6,direction_L2,direction,2,10.0,planted,100,0.0,0.06836093500188647,0.09,1.4272436795120942,0.83,-3.9792938261447364,0.72,3.6153190349919435,0.87
run,512,6,direction_L3,direction,3,20.0,all,20000,0.0027,-4.1079672996602315e-14,0.0035,-2.843520974238345e-14,0.00555,-1.687254780335934e-14,0.00575,2.769574791727791e-13,0.0095
run,512,6,direction_L3,direction,3,20.0,unplanted,19900,0.0027135678391959797,-0.0003435222864829391,0.001708542713567839,-0.01364101948960235,0.0005527638190954774,0.03623166629605447,0.0007537688442211055,-0.033333266044104214,0.004522613065326633
run,512,6,direction_L3,direction,3,20.0,planted,100,0.0,0.06836093500188717,0.36,2.7145628784251787,1.0,-7.210101592918214,1.0,6.63331994283213,1.0
run,512,7,nullA,,,,all,20000,0.0024,8.113900662465312e-14,0.0024,1.6991776874419883e-13,0.0024,-4.121147867408581e-17,0.0031,3.482096389006983e-13,0.0079
run,512,7,nullB,,,,all,20000,0.00275,3.574349705104396e-14,0.00265,3.4211211641377304e-14,0.0026,2.0733637029479724e-15,0.0022,-1.290940687681541e-13,0.0073
run,512,7,norm_L1,norm,1,1.05,all,20000,0.00305,2.2167334634559667e-14,0.0032,7.426361747775445e-14,0.0026,1.0414069606667908e-14,0.0022,-1.2909282531836651e-13,0.0079
run,512,7,norm_L1,norm,1,1.05,unplanted,19900,0.0026633165829145727,-0.008186709831978587,0.0025628140703517588,-0.008512799168298146,0.0026130653266331657,0.001007216762579492,0.0022110552763819095,-0.0007588630625691642,0.007236180904522613
run,512,7,norm_L1,norm,1,1.05,planted,100,0.08,1.6291552565681722,0.13,1.694047034506184,0.0,-0.2004361357512362,0.0,0.151013749425445,0.14
run,512,7,norm_L2,norm,2,1.1,all,20000,0.00505,3.894307099017169e-15,0.00445,2.824762646014278e-14,0.0026,1.53114854128944e-14,0.0022,-1.2908980551173953e-13,0.00935
run,512,7,norm_L2,norm,2,1.1,unplanted,19900,0.0022110552763819095,-0.015867459269514203,0.0017587939698492463,-0.01618463857474301,0.0026130653266331657,0.001006029601714337,0.0022110552763819095,-0.0007588630625691648,0.006331658291457287
run,512,7,norm_L2,norm,2,1.1,planted,100,0.57,3.1576243946341056,0.54,3.220743076379508,0.0,-0.20019989073809152,0.0,0.15101374942544582,0.61
run,512,7,norm_L3,norm,3,1.2,all,20000,0.00595,1.4810908055551408e-14,0.00585,9.476384121853698e-14,0.0026,-5.182876350318111e-14,0.0022,-1.2909033841879137e-13,0.00985
run,512,7,norm_L3,norm,3,1.2,unplanted,19900,0.0010050251256281408,-0.02942435926493465,0.0008542713567839196,-0.029736921236160337,0.0026130653266331657,0.0010036569710963408,0.0022110552763819095,-0.000758863062569167,0.004874371859296483
run,512,7,norm_L3,norm,3,1.2,planted,100,0.99,5.855447493724956,1.0,5.917647326014859,0.0,-0.19972773725853782,0.0,0.15101374942544582,1.0
run,512,7,direction_L1,direction,1,5.0,all,20000,0.00275,3.574882612156216e-14,0.0027,-5.4307136565512335e-14,0.00325,2.3001334170658085e-14,0.00255,-1.050905140687064e-13,0.0081
run,512,7,direction_L1,direction,1,5.0,unplanted,19900,0.002763819095477387,-0.00019832187962965032,0.0026633165829145727,-0.004027489667822265,0.0022613065326633165,0.011313386490566731,0.0020603015075376886,-0.010017000110606094,0.007035175879396985
run,512,7,direction_L1,direction,1,5.0,planted,100,0.0,0.039466054053450245,0.01,0.8014704438857693,0.2,-2.251363911618179,0.1,1.9933830219895945,0.22
run,512,7,direction_L2,direction,2,10.0,all,20000,0.00275,3.574776030745852e-14,0.00305,-1.8798491652205484e-13,0.0062,2.9029223469478895e-15,0.0057,-1.3068923720993553e-13,0.0108
run,512,7,direction_L2,direction,2,10.0,unplanted,19900,0.002763819095477387,-0.00019832187962965032,0.0026130653266331657,-0.007444346055434776,0.0015577889447236182,0.021055314444895626,0.001457286432160804,-0.018966419647137512,0.006030150753768844
run,512,7,direction_L2,direction,2,10.0,planted,100,0.0,0.0394660540534501,0.09,1.481424864993924,0.93,-4.19000757453365,0.85,3.7743175097542276,0.96
run,512,7,direction_L3,direction,3,20.0,all,20000,0.00275,3.574580631493518e-14,0.00395,1.0932037497468627e-13,0.0055,1.5052670221393783e-14,0.00555,-1.427984841484431e-13,0.0091
run,512,7,direction_L3,direction,3,20.0,unplanted,19900,0.002763819095477387,-0.00019832187962965032,0.0020100502512562816,-0.01390280544931056,0.0005025125628140704,0.03696847589848999,0.0005527638190954774,-0.03377357597879563,0.004120603015075377
run,512,7,direction_L3,direction,3,20.0,planted,100,0.0,0.039466054053449905,0.39,2.7666582844346657,1.0,-7.356726703796498,1.0,6.720941619751771,1.0
run,512,8,nullA,,,,all,20000,0.00305,6.468923174907104e-14,0.00305,-1.881343081322484e-13,0.0026,-1.1878498185069474e-15,0.0027,-4.2827146273793917e-13,0.0084
run,512,8,nullB,,,,all,20000,0.00275,-3.489191158223548e-14,0.0023,2.7438034067017725e-13,0.0028,-3.411582127910151e-14,0.0024,3.0257112371145923e-13,0.0076
run,512,8,norm_L1,norm,1,1.05,all,20000,0.00275,-1.6638068700558507e-14,0.00255,-1.4939374182176835e-13,0.0028,-2.9457503103458297e-14,0.0024,3.025775185960811e-13,0.0076
run,512,8,norm_L1,norm,1,1.05,unplanted,19900,0.002412060301507538,-0.0076739682683809925,0.0022110552763819095,-0.007303108851604751,0.002814070351758794,-0.0010417760492991376,0.002412060301507538,0.0009143287091076984,0.007236180904522613
run,512,8,norm_L1,norm,1,1.05,planted,100,0.07,1.527119685404489,0.07,1.453318661439467,0.0,0.2073134338046364,0.0,-0.1819514130519167,0.08
run,512,8,norm_L2,norm,2,1.1,all,20000,0.0043,-2.253699449283886e-14,0.0041,-1.0967085017909994e-13,0.0028,-2.903721707525619e-14,0.0024,3.025771633247132e-13,0.0094
run,512,8,norm_L2,norm,2,1.1,unplanted,19900,0.0017587939698492463,-0.01536496766938796,0.0018592964824120603,-0.015011391682920372,0.002814070351758794,-0.001042872890125907,0.002412060301507538,0.0009143287091076987,0.0067336683417085425
run,512,8,norm_L2,norm,2,1.1,planted,100,0.51,3.057628566203696,0.45,2.9872669448792193,0.0,0.20753170512924835,0.0,-0.18195141305191664,0.54
run,512,8,norm_L3,norm,3,1.2,all,20000,0.00565,-1.4806289527768968e-14,0.0059,6.950457986931724e-14,0.0028,5.260147872832021e-15,0.0024,3.025713013471432e-13,0.0104
run,512,8,norm_L3,norm,3,1.2,unplanted,19900,0.0006532663316582914,-0.02898904944511764,0.0009045226130653266,-0.028737436903189993,0.002814070351758794,-0.0010450648427330358,0.002412060301507538,0.0009143287091076973,0.005427135678391959
run,512,8,norm_L3,norm,3,1.2,planted,100,1.0,5.768820839575447,1.0,5.71874994374871,0.0,0.20796790370492588,0.0,-0.18195141305191748,1.0
run,512,8,direction_L1,direction,1,5.0,all,20000,0.00275,-3.489191158223548e-14,0.00245,-6.550067155330908e-14,0.00315,2.006910193586009e-14,0.00275,2.8320839007278665e-13,0.008
run,512,8,direction_L1,direction,1,5.0,unplanted,19900,0.002763819095477387,0.0003041320169962286,0.0023115577889447235,-0.0028268318068157042,0.0025628140703517588,0.009230130505801239,0.0023115577889447235,-0.00827631159946742,0.00728643216080402
run,512,8,direction_L1,direction,1,5.0,planted,100,0.0,-0.06052227138922825,0.03,0.5625395295432252,0.12,-1.8367959706504324,0.09,1.6469860083506576,0.15
run,512,8,direction_L2,direction,2,10.0,all,20000,0.00275,-3.489191158223548e-14,0.00245,1.0530669669606141e-13,0.00595,-6.494360604847316e-15,0.005,2.918881136793061e-13,0.0104
run,512,8,direction_L2,direction,2,10.0,unplanted,19900,0.002763819095477387,0.0003041320169962286,0.0022110552763819095,-0.006256277940535418,0.0018592964824120603,0.019080909730343366,0.0018090452261306533,-0.017164183265164765,0.00628140703517588
run,512,8,direction_L2,direction,2,10.0,planted,100,0.0,-0.06052227138922825,0.05,1.2449993101876093,0.82,-3.7971010363396287,0.64,3.4156724698261662,0.83
run,512,8,direction_L3,direction,3,20.0,all,20000,0.00275,-3.489191158223548e-14,0.00335,-1.564856688673899e-13,0.0056,1.5211298887152225e-14,0.0056,2.775683682898489e-13,0.0093
run,512,8,direction_L3,direction,3,20.0,unplanted,19900,0.002763819095477387,0.0003041320169962286,0.0020100502512562816,-0.012774006766204011,0.0006030150753768845,0.03546506256361672,0.0006030150753768845,-0.03226107498893718,0.004321608040201005
run,512,8,direction_L3,direction,3,20.0,planted,100,0.0,-0.06052227138922835,0.27,2.5420273464433008,1.0,-7.057547450156684,1.0,6.41995392285401,1.0
run,512,9,nullA,,,,all,20000,0.00275,-2.675818677744246e-13,0.0027,-6.38138430986146e-15,0.0024,-9.212186569129698e-16,0.00365,1.1660183929507185e-13,0.0088
run,512,9,nullB,,,,all,20000,0.0024,-1.5992327462299728e-13,0.0027,-1.2601297783021436e-13,0.00245,-1.0510170511679461e-14,0.00265,2.762302386827287e-13,0.00795
run,512,9,norm_L1,norm,1,1.05,all,20000,0.0027,-1.5479706405585603e-13,0.00295,1.3783818531010183e-14,0.00245,-9.894041141933485e-15,0.00265,2.762304163184126e-13,0.0082
run,512,9,norm_L1,norm,1,1.05,unplanted,19900,0.0023115577889447235,-0.008643080254792263,0.002412060301507538,-0.008449025452982418,0.002462311557788945,-0.0005598008769175218,0.0026633165829145727,0.0007536986922796019,0.007688442211055277
run,512,9,norm_L1,norm,1,1.05,planted,100,0.08,1.7199729706727007,0.11,1.6813560651462578,0.0,0.1114003745046082,0.0,-0.14998603970839458,0.11
run,512,9,norm_L2,norm,2,1.1,all,20000,0.005,-1.621385692374133e-13,0.0048,-1.1707701474961141e-13,0.00245,-3.027444961389847e-14,0.00265,2.7623485721051113e-13,0.01035
run,512,9,norm_L2,norm,2,1.1,unplanted,19900,0.001959798994974874,-0.016277317026077022,0.001959798994974874,-0.01610551609738594,0.002462311557788945,-0.0005609524025667103,0.0026633165829145727,0.0007536986922796018,0.007085427135678392
run,512,9,norm_L2,norm,2,1.1,planted,100,0.61,3.239186088156899,0.57,3.204997703356387,0.0,0.11162952810472081,0.0,-0.14998603970839394,0.66
run,512,9,norm_L3,norm,3,1.2,all,20000,0.00595,-1.3522321040682074e-13,0.006,5.3368864882941126e-14,0.00245,-5.26320320659579e-14,0.00265,2.762343243034593e-13,0.0106
run,512,9,norm_L3,norm,3,1.2,unplanted,19900,0.0009547738693467337,-0.029725964325284182,0.0010050251256281408,-0.029644187450113515,0.002462311557788945,-0.0005632536672078407,0.0026633165829145727,0.0007536986922796022,0.005628140703517588
run,512,9,norm_L3,norm,3,1.2,planted,100,1.0,5.915466900704507,1.0,5.899193302583264,0.0,0.11208747976383368,0.0,-0.14998603970839394,1.0
run,512,9,direction_L1,direction,1,5.0,all,20000,0.0024,-1.5992362989436514e-13,0.00265,1.0251852700093878e-13,0.003,-6.438849453616058e-15,0.0028,1.865743115558871e-13,0.00835
run,512,9,direction_L1,direction,1,5.0,unplanted,19900,0.002412060301507538,-0.0006880664819337862,0.0026633165829145727,-0.003962999997336144,0.0022613065326633165,0.009784114053875477,0.0023115577889447235,-0.00861029002946508,0.007537688442211055
run,512,9,direction_L1,direction,1,5.0,planted,100,0.0,0.13692522987283903,0.0,0.7886369994903969,0.15,-1.9470386967225075,0.1,1.7134477159008652,0.17
run,512,9,direction_L2,direction,2,10.0,all,20000,0.0024,-1.5992576152257242e-13,0.00265,1.6693952886726038e-13,0.0061,4.107194584435092e-14,0.00555,2.1501342928331723e-13,0.01115
run,512,9,direction_L2,direction,2,10.0,unplanted,19900,0.002412060301507538,-0.0006880664819337862,0.002462311557788945,-0.00736406026293962,0.001959798994974874,0.01966302722243025,0.0020100502512562816,-0.017704086246958607,0.006884422110552763
run,512,9,direction_L2,direction,2,10.0,planted,100,0.0,0.13692522987283853,0.04,1.4654479923583725,0.83,-3.9129424172554055,0.71,3.5231131631877655,0.86
run,512,9,direction_L3,direction,3,20.0,all,20000,0.0024,-1.599243404371009e-13,0.0043,1.3251337804831564e-13,0.0053,1.60246926839136e-14,0.00565,2.1754438250809471e-13,0.00905
run,512,9,direction_L3,direction,3,20.0,unplanted,19900,0.002412060301507538,-0.0006880664819337862,0.0021105527638190956,-0.013805372921177849,0.00030150753768844223,0.035989161343142506,0.0006532663316582914,-0.03285964681205712,0.00407035175879397
run,512,9,direction_L3,direction,3,20.0,planted,100,0.0,0.13692522987283878,0.44,2.7472692113408947,1.0,-7.161843107282156,1.0,6.539069715642877,1.0
run,512,10,nullA,,,,all,20000,0.00285,-1.445005892719564e-13,0.0028,1.0326672850169415e-14,0.0026,3.836930773104541e-16,0.00275,-1.1859668802571831e-13,0.00815
run,512,10,nullB,,,,all,20000,0.0027,1.190443299492472e-13,0.0029,1.8461054906993014e-13,0.00245,1.787512360351684e-14,0.00305,-2.2585808778785576e-13,0.0082
run,512,10,norm_L1,norm,1,1.05,all,20000,0.00285,1.3439720447649961e-13,0.0031,-5.149374260327022e-14,0.00245,1.7429613308195256e-14,0.00305,-2.258524034459697e-13,0.00845
run,512,10,norm_L1,norm,1,1.05,unplanted,19900,0.0026130653266331657,-0.007771769749709807,0.0027135678391959797,-0.0075939994907556025,0.002462311557788945,-0.0004935061997031491,0.003065326633165829,0.0005315145477803563,0.008040201005025126
run,512,10,norm_L1,norm,1,1.05,planted,100,0.05,1.5465821802191302,0.08,1.5112058986500654,0.0,0.09820773374441305,0.0,-0.10577139505346198,0.09
run,512,10,norm_L2,norm,2,1.1,all,20000,0.00505,1.238788627233589e-13,0.00495,2.1546302519936944e-13,0.00245,-1.0866330057979213e-14,0.00305,-2.2585808778785576e-13,0.01035
run,512,10,norm_L2,norm,2,1.1,unplanted,19900,0.0023115577889447235,-0.01544711536306326,0.0022613065326633165,-0.01528356728847807,0.002462311557788945,-0.0004945824937603225,0.003065326633165829,0.0005315145477803577,0.007537688442211055
run,512,10,norm_L2,norm,2,1.1,planted,100,0.55,3.0739759572743646,0.54,3.041429890450229,0.0,0.098421916256131,0.0,-0.10577139505346278,0.57
run,512,10,norm_L3,norm,3,1.2,all,20000,0.0059,1.0065477340504004e-13,0.00595,-1.1472955918634398e-13,0.00245,-3.5398528552832434e-14,0.00305,-2.258524034459697e-13,0.0106
run,512,10,norm_L3,norm,3,1.2,unplanted,19900,0.0009045226130653266,-0.02903808956542982,0.0009547738693467337,-0.028952902050164417,0.002462311557788945,-0.0004967334228720053,0.003065326633165829,0.0005315145477803585,0.005628140703517588
run,512,10,norm_L3,norm,3,1.2,planted,100,1.0,5.7785798235406665,1.0,5.761627507959772,0.0,0.09884995114445017,0.0,-0.10577139505346216,1.0
run,512,10,direction_L1,direction,1,5.0,all,20000,0.0027,1.190443299492472e-13,0.0029,-5.531965996397048e-14,0.00275,-1.013731321108935e-14,0.00335,-3.045869334528106e-13,0.0086
run,512,10,direction_L1,direction,1,5.0,unplanted,19900,0.0027135678391959797,0.0001937230493288122,0.002914572864321608,-0.0031236689193866103,0.0021608040201005025,0.009845391727985908,0.002814070351758794,-0.008817949281014906,0.007839195979899497
run,512,10,direction_L1,direction,1,5.0,planted,100,0.0,-0.03855088679262457,0.0,0.6216101149468719,0.12,-1.9592329538712243,0.11,1.754771906861049,0.16
run,512,10,direction_L2,direction,2,10.0,all,20000,0.0027,1.1904610630608658e-13,0.00285,-2.9022793057720266e-13,0.00615,7.16795511834789e-15,0.0061,-2.0311503590164647e-13,0.0115
run,512,10,direction_L2,direction,2,10.0,unplanted,19900,0.0027135678391959797,0.0001937230493288122,0.0027135678391959797,-0.006547477898119681,0.0018090452261306533,0.019715798713901243,0.0023115577889447235,-0.01792099878071002,0.007035175879396985
run,512,10,direction_L2,direction,2,10.0,planted,100,0.0,-0.03855088679262431,0.03,1.3029481016677706,0.87,-3.9234439440649127,0.76,3.5662787573206707,0.9
run,512,10,direction_L3,direction,3,20.0,all,20000,0.0027,1.1904681684882234e-13,0.00425,4.817266585632751e-14,0.00565,-2.716191715990135e-14,0.0059,-2.0769519437635608e-13,0.00985
run,512,10,direction_L3,direction,3,20.0,unplanted,19900,0.0027135678391959797,0.0001937230493288122,0.002512562814070352,-0.013045510522011881,0.0006532663316582914,0.03602180809095161,0.0009045226130653266,-0.0332014976082526,0.004874371859296483
run,512,10,direction_L3,direction,3,20.0,planted,100,0.0,-0.03855088679262433,0.35,2.596056593889999,1.0,-7.168339810104804,1.0,6.607098024000727,1.0
run,512,11,nullA,,,,all,20000,0.0028,-1.5709655798445965e-13,0.00285,2.8339286473055835e-14,0.0027,-5.81579229219642e-16,0.00395,-2.646242336368232e-13,0.0095
run,512,11,nullB,,,,all,20000,0.0032,-1.8212578112297705e-13,0.00285,-1.3390533126766968e-14,0.00285,1.752660239162651e-14,0.0033,-1.7994477019556142e-13,0.0085
run,512,11,norm_L1,norm,1,1.05,all,20000,0.0034,-1.8977779348006153e-13,0.00305,-6.054463597138237e-14,0.00285,-2.2234658558772934e-14,0.0033,-1.7994139511756657e-13,0.00865
run,512,11,norm_L1,norm,1,1.05,unplanted,19900,0.002914572864321608,-0.007936714950674752,0.0026633165829145727,-0.007875322073984205,0.002864321608040201,-0.00017106872252682808,0.0032663316582914573,-0.00025283686093220453,0.008090452261306533
run,512,11,norm_L1,norm,1,1.05,planted,100,0.1,1.5794062751463198,0.08,1.5671890927107472,0.0,0.0340426757783917,0.01,0.05031453528952059,0.12
run,512,11,norm_L2,norm,2,1.1,all,20000,0.00485,-1.902218826899116e-13,0.0046,-6.987903589106281e-14,0.00285,1.7994317147440596e-14,0.0033,-1.7993873058230746e-13,0.0104
run,512,11,norm_L2,norm,2,1.1,unplanted,19900,0.0023115577889447235,-0.01555131458268333,0.0022613065326633165,-0.015508403614809796,0.002864321608040201,-0.0001722427387446628,0.0032663316582914573,-0.00025283686093220025,0.007587939698492462
run,512,11,norm_L2,norm,2,1.1,planted,100,0.51,3.0947116019159386,0.47,3.086172319333174,0.0,0.03427630501378691,0.01,0.05031453528952027,0.57
run,512,11,norm_L3,norm,3,1.2,all,20000,0.0059,-1.80754611278644e-13,0.00585,5.696350058315147e-14,0.00285,3.0951063934026024e-14,0.0033,-1.7994192802461839e-13,0.01055
run,512,11,norm_L3,norm,3,1.2,unplanted,19900,0.0009045226130653266,-0.029037892751411658,0.0008542713567839196,-0.029068285565955476,0.002864321608040201,-0.00017458899540671492,0.0032663316582914573,-0.00025283686093220166,0.005577889447236181
run,512,11,norm_L3,norm,3,1.2,planted,100,1.0,5.7785406574947675,1.0,5.784588827636533,0.0,0.03474321009212686,0.01,0.05031453528951965,1.0
run,512,11,direction_L1,direction,1,5.0,all,20000,0.0032,-1.8212791275118433e-13,0.00285,8.184670718947018e-14,0.0033,-4.322444624449418e-14,0.0037,-1.6641159561459062e-13,0.009
run,512,11,direction_L1,direction,1,5.0,unplanted,19900,0.0031658291457286433,-2.9998844190147057e-05,0.002763819095477387,-0.0034200245229903535,0.002512562814070352,0.010109409362259273,0.002964824120603015,-0.009429981415824629,0.007989949748743718
run,512,11,direction_L1,direction,1,5.0,planted,100,0.01,0.005969769957413589,0.02,0.6805848800914498,0.16,-2.01177246309824,0.15,1.8765663017158187,0.21
run,512,11,direction_L2,direction,2,10.0,all,20000,0.0032,-1.8212737984413251e-13,0.00285,-1.5668675246161001e-13,0.0061,-1.475264355121908e-15,0.0062,-1.2313137176533928e-13,0.0116
run,512,11,direction_L2,direction,2,10.0,unplanted,19900,0.0031658291457286433,-2.9998844190147057e-05,0.0026633165829145727,-0.006807330554654219,0.0020100502512562816,0.019908493098035933,0.0026633165829145727,-0.018300904467668723,0.007437185929648241
run,512,11,direction_L2,direction,2,10.0,planted,100,0.01,0.005969769957413491,0.04,1.3546587803448518,0.82,-3.9617901265094457,0.71,3.641879989041448,0.84
run,512,11,direction_L3,direction,3,20.0,all,20000,0.0032,-1.8213075492212739e-13,0.00395,-7.827480885680415e-14,0.0059,1.575628516548022e-14,0.0059,-1.0696865615500429e-13,0.0102
run,512,11,direction_L3,direction,3,20.0,unplanted,19900,0.0031658291457286433,-2.9998844190147057e-05,0.0023618090452261304,-0.013230927449720677,0.0009045226130653266,0.03608552177790818,0.0009045226130653266,-0.03316770027385932,0.0052261306532663315
run,512,11,direction_L3,direction,3,20.0,planted,100,0.01,0.00596976995741302,0.32,2.6329545624787603,1.0,-7.181018833800575,1.0,6.600372354476609,1.0
run,512,12,nullA,,,,all,20000,0.00235,9.540848111555533e-14,0.00235,-7.266791612892121e-14,0.0021,-1.922018100231071e-16,0.0036,1.2149737216304856e-12,0.00815
run,512,12,nullB,,,,all,20000,0.0029,-1.024529794335649e-13,0.0025,-1.0467431366123492e-13,0.00265,-2.014175493059156e-14,0.00275,-9.046043913940594e-14,0.00785
run,512,12,norm_L1,norm,1,1.05,all,20000,0.0032,-1.019740736296626e-13,0.0029,-1.987856990126602e-13,0.00265,3.822719918389339e-15,0.00275,-9.045812987551472e-14,0.00825
run,512,12,norm_L1,norm,1,1.05,unplanted,19900,0.002763819095477387,-0.007448852075643818,0.002412060301507538,-0.007346008390833593,0.0026130653266331657,-0.0002918800478008158,0.0027135678391959797,0.00017195467067853887,0.00763819095477387
run,512,12,norm_L1,norm,1,1.05,planted,100,0.09,1.4823215630327256,0.1,1.461855669736128,0.01,0.05808412951312628,0.01,-0.034218979483121,0.13
run,512,12,norm_L2,norm,2,1.1,all,20000,0.00495,-1.097811619388267e-13,0.0045,1.1336886984736339e-14,0.00265,-2.9177371629884874e-14,0.00275,-9.045209026226076e-14,0.00985
run,512,12,norm_L2,norm,2,1.1,unplanted,19900,0.002412060301507538,-0.015095478780760922,0.0020603015075376886,-0.015011647321994873,0.0026130653266331657,-0.0002930149255781448,0.0027135678391959797,0.0001719546706785403,0.007236180904522613
run,512,12,norm_L2,norm,2,1.1,planted,100,0.51,3.004000277349468,0.49,2.9873178170792465,0.01,0.05830997018421594,0.01,-0.034218979483120276,0.53
run,512,12,norm_L3,norm,3,1.2,all,20000,0.00635,-1.0293703667230147e-13,0.0059,4.6370018935704137e-14,0.00265,-1.2116530001549108e-14,0.00275,-9.04611496821417e-14,0.01065
run,512,12,norm_L3,norm,3,1.2,unplanted,19900,0.0013567839195979898,-0.02867514667140553,0.0009045226130653266,-0.028669777256770394,0.0026130653266331657,-0.00029528295598912836,0.0027135678391959797,0.00017195467067853817,0.005678391959798995
run,512,12,norm_L3,norm,3,1.2,planted,100,1.0,5.706354187589111,1.0,5.705285674106584,0.01,0.058761308239413175,0.01,-0.03421897948312132,1.0
run,512,12,direction_L1,direction,1,5.0,all,20000,0.0029,-1.02455643968824e-13,0.00245,1.1155165680065693e-14,0.00335,1.7334755852971283e-14,0.00285,-3.804587755951161e-14,0.0082
run,512,12,direction_L1,direction,1,5.0,unplanted,19900,0.002914572864321608,0.0004734421143792667,0.002462311557788945,-0.0028977742541483153,0.002512562814070352,0.009979499472871524,0.0023618090452261304,-0.009090161042278588,0.007336683417085427
run,512,12,direction_L1,direction,1,5.0,planted,100,0.0,-0.09421498078196539,0.0,0.5766570765777459,0.17,-1.9859203950979663,0.1,1.8089420474058295,0.18
run,512,12,direction_L2,direction,2,10.0,all,20000,0.0029,-1.0245511106177219e-13,0.0026,2.1769732683196708e-13,0.0062,-8.93294327397598e-15,0.00545,-6.256390960857062e-14,0.0109
run,512,12,direction_L2,direction,2,10.0,unplanted,19900,0.002914572864321608,0.0004734421143792667,0.002412060301507538,-0.006309881544943756,0.0020100502512562816,0.019779422667439674,0.0019095477386934674,-0.01807332413203719,0.0066834170854271355
run,512,12,direction_L2,direction,2,10.0,planted,100,0.0,-0.09421498078196536,0.04,1.2556664274873468,0.84,-3.9361051108222824,0.71,3.596591502262888,0.85
run,512,12,direction_L3,direction,3,20.0,all,20000,0.0029,-1.0245333470493278e-13,0.0037,2.6439828104685147e-14,0.0057,-2.90683033199457e-15,0.00595,-4.38949321335258e-14,0.01
run,512,12,direction_L3,direction,3,20.0,unplanted,19900,0.002914572864321608,0.0004734421143792667,0.0021608040201005025,-0.012789448155161219,0.0007035175879396985,0.03597950272723989,0.0009547738693467337,-0.033059969355851995,0.005025125628140704
run,512,12,direction_L3,direction,3,20.0,planted,100,0.0,-0.09421498078196495,0.31,2.5451001828823707,1.0,-7.15992104272132,1.0,6.578933901805767,1.0
run,512,13,nullA,,,,all,20000,0.0026,9.14148756692157e-14,0.00265,-4.139728559948708e-14,0.00305,6.057376822354855e-16,0.0033,-6.404945906979264e-13,0.009
run,512,13,nullB,,,,all,20000,0.0024,-1.3566285872457228e-13,0.00275,-3.265817838382645e-13,0.0026,5.4505733260157286e-15,0.00305,-4.701796285644377e-13,0.0078
run,512,13,norm_L1,norm,1,1.05,all,20000,0.00265,-1.3502834406153852e-13,0.0029,-1.0852421183926708e-13,0.0026,1.1615952644206118e-14,0.00305,-4.701838918208523e-13,0.00805
run,512,13,norm_L1,norm,1,1.05,unplanted,19900,0.0022613065326633165,-0.007338542289323149,0.0025628140703517588,-0.007533422553600569,0.0026130653266331657,0.0006643554008712391,0.003065326633165829,-0.0005967865612515823,0.007688442211055277
run,512,13,norm_L1,norm,1,1.05,planted,100,0.08,1.4603699155483008,0.07,1.4991510881448087,0.0,-0.1322067247710536,0.0,0.1187605255950282,0.08
run,512,13,norm_L2,norm,2,1.1,all,20000,0.0047,-1.4708945172969834e-13,0.00485,1.6189360962926002e-14,0.0026,-5.529869895326556e-14,0.00305,-4.701853129063239e-13,0.01015
run,512,13,norm_L2,norm,2,1.1,unplanted,19900,0.0019095477386934674,-0.015014900886356423,0.0021105527638190956,-0.015193068972229941,0.0026130653266331657,0.0006632764394641023,0.003065326633165829,-0.0005967865612515784,0.007135678391959799
run,512,13,norm_L2,norm,2,1.1,planted,100,0.56,2.9879652763555096,0.55,3.023420725476996,0.0,-0.1319920114644156,0.0,0.11876052559502771,0.61
run,512,13,norm_L3,norm,3,1.2,all,20000,0.0059,-1.333795296432072e-13,0.00595,-1.2976215657545253e-13,0.0026,-3.5558400668378457e-14,0.00305,-4.70181760192645e-13,0.01065
run,512,13,norm_L3,norm,3,1.2,unplanted,19900,0.0009547738693467337,-0.02864866037012107,0.0010050251256281408,-0.028824504985091183,0.0026130653266331657,0.0006611200736926125,0.003065326633165829,-0.000596786561251577,0.005728643216080402
run,512,13,norm_L3,norm,3,1.2,planted,100,0.99,5.701083413627417,0.99,5.736076492007191,0.0,-0.13156289467194202,0.0,0.11876052559502778,0.99
run,512,13,direction_L1,direction,1,5.0,all,20000,0.0024,-1.3566356926730804e-13,0.0027,-3.9818814911996015e-15,0.0034,-1.2157386208855314e-15,0.00365,-4.706215861460805e-13,0.00865
run,512,13,direction_L1,direction,1,5.0,unplanted,19900,0.0023618090452261304,0.0006112916844277582,0.0027135678391959797,-0.0030963999552752622,0.0021608040201005025,0.01100153245366102,0.0027135678391959797,-0.009869972932341892,0.00728643216080402
run,512,13,direction_L1,direction,1,5.0,planted,100,0.01,-0.12164704522825702,0.0,0.6161835910989808,0.25,-2.189304958278785,0.19,1.9641246134419128,0.28
run,512,13,direction_L2,direction,2,10.0,all,20000,0.0024,-1.3566427981004382e-13,0.0029,1.0376766113040503e-13,0.0058,-1.0614087386784377e-14,0.00585,-4.34707914109822e-13,0.0106
run,512,13,direction_L2,direction,2,10.0,unplanted,19900,0.0023618090452261304,0.0006112916844277582,0.0026130653266331657,-0.006516586622171793,0.0013567839195979898,0.02079227189612684,0.0019095477386934674,-0.0188407089448954,0.006080402010050251
run,512,13,direction_L2,direction,2,10.0,planted,100,0.01,-0.12164704522825712,0.06,1.2968007378329398,0.89,-4.137662107331363,0.79,3.749301079947243,0.91
run,512,13,direction_L3,direction,3,20.0,all,20000,0.0024,-1.3566268108888836e-13,0.0039,1.9958790176133333e-14,0.00535,-9.50812761857378e-15,0.0057,-3.8066829688432336e-13,0.00915
run,512,13,direction_L3,direction,3,20.0,unplanted,19900,0.0023618090452261304,0.0006112916844277582,0.0022613065326633165,-0.013001215615866708,0.00035175879396984926,0.03681466817139087,0.0007035175879396985,-0.03359760531096739,0.004170854271356784
run,512,13,direction_L3,direction,3,20.0,planted,100,0.01,-0.12164704522825696,0.33,2.5872419075614657,1.0,-7.326118966108685,1.0,6.685923456806377,1.0
run,512,14,nullA,,,,all,20000,0.00305,-7.773053312121192e-14,0.00315,1.2922356518174637e-13,0.00255,3.701927653310122e-16,0.00365,8.732804701594432e-13,0.0093
run,512,14,nullB,,,,all,20000,0.003,2.2748913863779307e-14,0.0028,3.3857361358968772e-15,0.0028,2.0096280195502914e-14,0.00315,-2.641641572154185e-13,0.00825
run,512,14,norm_L1,norm,1,1.05,all,20000,0.0032,3.068763021474297e-14,0.0031,2.4516566554666498e-14,0.0028,1.2030199059154257e-14,0.00315,-2.6416557830089003e-13,0.00865
run,512,14,norm_L1,norm,1,1.05,unplanted,19900,0.002864321608040201,-0.007162613216444797,0.0027135678391959797,-0.00710661636811545,0.002814070351758794,-0.00017289343584710453,0.0031658291457286433,0.00028022492127406054,0.008190954773869347
run,512,14,norm_L1,norm,1,1.05,planted,100,0.07,1.4253600300786522,0.08,1.4142166572598784,0.0,0.03440579373597956,0.0,-0.05576475938637126,0.1
run,512,14,norm_L2,norm,2,1.1,all,20000,0.00465,1.900879453842208e-14,0.0046,-2.3441870666829347e-13,0.0028,-3.4305003282497637e-15,0.00315,-2.6415882814490034e-13,0.01
run,512,14,norm_L2,norm,2,1.1,unplanted,19900,0.0023618090452261304,-0.014826504849182796,0.0023115577889447235,-0.014793271510837569,0.002814070351758794,-0.0001740716497983009,0.0031658291457286433,0.0002802249212740666,0.007487437185929648
run,512,14,norm_L2,norm,2,1.1,planted,100,0.46,2.9504744649911787,0.46,2.9438610306097917,0.0,0.03464025830917656,0.0,-0.05576475938637085,0.51
run,512,14,norm_L3,norm,3,1.2,all,20000,0.0063,1.3489653838405501e-15,0.0063,-1.0354099799769756e-13,0.0028,1.106101876757748e-14,0.00315,-2.641600715946879e-13,0.0111
run,512,14,norm_L3,norm,3,1.2,unplanted,19900,0.0013065326633165829,-0.028459062756786852,0.0013065326633165829,-0.028505575168727797,0.002814070351758794,-0.0001764263027805052,0.0031658291457286433,0.0002802249212740613,0.006130653266331658
run,512,14,norm_L3,norm,3,1.2,planted,100,1.0,5.663353488600853,1.0,5.672609458556125,0.0,0.035108834255532614,0.0,-0.05576475938637042,1.0
run,512,14,direction_L1,direction,1,5.0,all,20000,0.003,2.2746426964204146e-14,0.00275,-2.3796076220605757e-14,0.0032,4.6917136842239415e-15,0.00345,-1.4479848431392385e-13,0.0085
run,512,14,direction_L1,direction,1,5.0,unplanted,19900,0.003015075376884422,0.0007670069674230128,0.002763819095477387,-0.002651678631512569,0.002462311557788945,0.010162824516730212,0.002964824120603015,-0.009032840343711998,0.007788944723618091
run,512,14,direction_L1,direction,1,5.0,planted,100,0.0,-0.15263438651263012,0.0,0.5276840476662419,0.15,-2.022402078828373,0.1,1.797535228369728,0.15
run,512,14,direction_L2,direction,2,10.0,all,20000,0.003,2.2746249328520207e-14,0.0029,1.5324062019317353e-13,0.0062,1.2867218401879654e-14,0.00595,-1.0976890507663484e-13,0.01135
run,512,14,direction_L2,direction,2,10.0,unplanted,19900,0.003015075376884422,0.0007670069674230128,0.0027135678391959797,-0.006071311453248433,0.0019095477386934674,0.0200082480461172,0.0022613065326633165,-0.01803483178554199,0.006984924623115578
run,512,14,direction_L2,direction,2,10.0,planted,100,0.0,-0.15263438651263017,0.04,1.2081909792270862,0.86,-3.9816413611747485,0.74,3.588931525300903,0.88
run,512,14,direction_L3,direction,3,20.0,all,20000,0.003,2.2746959871255968e-14,0.0039,3.5582559121394294e-14,0.00575,3.3679725675028747e-15,0.00565,-7.638227828010713e-14,0.00985
run,512,14,direction_L3,direction,3,20.0,unplanted,19900,0.003015075376884422,0.0007670069674230128,0.002412060301507538,-0.012568312978974906,0.0007537688442211055,0.03623139557616234,0.0006532663316582914,-0.03290628783542677,0.004874371859296483
run,512,14,direction_L3,direction,3,20.0,planted,100,0.0,-0.15263438651262995,0.3,2.501094282823122,1.0,-7.210047719655632,1.0,6.548351279234651,1.0
run,512,15,nullA,,,,all,20000,0.00245,-6.451443823607405e-14,0.00235,-1.6543744152386352e-13,0.00265,8.988365607365267e-17,0.0039,-1.0038112563393042e-13,0.009
run,512,15,nullB,,,,all,20000,0.00265,-1.3389822584031208e-14,0.0025,-1.4172236717513443e-13,0.0025,5.473310693560052e-15,0.0024,-6.119364570622565e-13,0.0073
run,512,15,norm_L1,norm,1,1.05,all,20000,0.00295,-2.8282443054195027e-14,0.0026,2.074738603141668e-13,0.0025,-2.064268755930243e-14,0.0024,-6.119385886904638e-13,0.0076
run,512,15,norm_L1,norm,1,1.05,unplanted,19900,0.002462311557788945,-0.007697227659858863,0.0023115577889447235,-0.0075078885838023345,0.002462311557788945,-0.000509883950704473,0.002412060301507538,0.0006362772560361488,0.007085427135678392
run,512,15,norm_L1,norm,1,1.05,planted,100,0.1,1.5317483043062574,0.06,1.4940698282181597,0.01,0.10146690618606137,0.0,-0.12661917407358086,0.11
run,512,15,norm_L2,norm,2,1.1,all,20000,0.00475,-2.816484823142673e-14,0.0044,1.4726460051406322e-13,0.0025,-2.8644819849432676e-14,0.0024,-6.119357465195207e-13,0.0095
run,512,15,norm_L2,norm,2,1.1,unplanted,19900,0.0020603015075376886,-0.015363767626920283,0.001959798994974874,-0.015183584008787929,0.002462311557788945,-0.0005110215596445063,0.002412060301507538,0.0006362772560361502,0.0066834170854271355
run,512,15,norm_L2,norm,2,1.1,planted,100,0.54,3.057389757751504,0.49,3.0215332177782503,0.01,0.10169329036352748,0.0,-0.12661917407358025,0.57
run,512,15,norm_L3,norm,3,1.2,all,20000,0.00585,-3.155804506604909e-14,0.006,-1.2494645318383846e-13,0.0025,1.7350032521790128e-14,0.0024,-6.119325490772098e-13,0.01015
run,512,15,norm_L3,norm,3,1.2,unplanted,19900,0.0008542713567839196,-0.028948515179813575,0.0010050251256281408,-0.028840689133169128,0.002462311557788945,-0.0005132950378134637,0.002412060301507538,0.0006362772560361502,0.0051758793969849245
run,512,15,norm_L3,norm,3,1.2,planted,100,1.0,5.76075452077659,1.0,5.739297137475667,0.01,0.10214571252834925,0.0,-0.12661917407357984,1.0
run,512,15,direction_L1,direction,1,5.0,all,20000,0.00265,-1.3391598940870609e-14,0.00255,1.2012790762128134e-14,0.0031,-3.51498385953164e-14,0.00285,-5.137891889717139e-13,0.008
run,512,15,direction_L1,direction,1,5.0,unplanted,19900,0.0026633165829145727,0.0002561328816337431,0.002512562814070352,-0.003050368029297255,0.0022613065326633165,0.009798658716611747,0.0022613065326633165,-0.008647330981067758,0.007035175879396985
run,512,15,direction_L1,direction,1,5.0,planted,100,0.0,-0.05097044344779283,0.01,0.6070232378325566,0.17,-1.9499330846127672,0.12,1.7208188651297254,0.2
run,512,15,direction_L2,direction,2,10.0,all,20000,0.00265,-1.3391243669502728e-14,0.00265,1.290970885747811e-13,0.0059,9.023892744153272e-16,0.0053,-4.2584105131027174e-13,0.0105
run,512,15,direction_L2,direction,2,10.0,unplanted,19900,0.0026633165829145727,0.0002561328816337431,0.0023618090452261304,-0.006469591853638468,0.001708542713567839,0.019644726523794752,0.0018090452261306533,-0.017649471144037015,0.00628140703517588
run,512,15,direction_L2,direction,2,10.0,planted,100,0.0,-0.050970443447792634,0.06,1.287448778899875,0.84,-3.909300578234976,0.7,3.5122447575781983,0.85
run,512,15,direction_L3,direction,3,20.0,all,20000,0.00265,-1.3393020026342129e-14,0.0036,6.358433779496409e-14,0.0054,-1.439097729871719e-14,0.00575,-4.172193257545587e-13,0.0091
run,512,15,direction_L3,direction,3,20.0,unplanted,19900,0.0026633165829145727,0.0002561328816337431,0.0020603015075376886,-0.012960784706743937,0.0004020100502512563,0.0359298324302244,0.0007537688442211055,-0.032711700243836454,0.004120603015075377
run,512,15,direction_L3,direction,3,20.0,planted,100,0.0,-0.050970443447792925,0.31,2.57919615665476,1.0,-7.150036653617532,1.0,6.509628348440011,1.0
run,512,16,nullA,,,,all,20000,0.00285,-6.625544557437024e-14,0.00285,-4.7704240557777667e-14,0.00245,3.346656285430072e-16,0.0037,-1.262142745872552e-12,0.009
run,512,16,nullB,,,,all,20000,0.0026,-2.2333637161864316e-13,0.00265,-7.106244481747127e-14,0.00225,-5.778844069936894e-14,0.0024,3.4973410834027164e-13,0.0075
run,512,16,norm_L1,norm,1,1.05,all,20000,0.00285,-2.3290311901291715e-13,0.0026,7.531752999057062e-14,0.00225,1.5685230891904212e-15,0.0024,3.497309108979607e-13,0.0075
run,512,16,norm_L1,norm,1,1.05,unplanted,19900,0.002462311557788945,-0.007746813982787775,0.0023115577889447235,-0.007740480263821064,0.0022613065326633165,9.558548486542213e-05,0.002412060301507538,-0.0004620154583466531,0.007135678391959799
run,512,16,norm_L1,norm,1,1.05,planted,100,0.08,1.541615982528187,0.06,1.5403555725154552,0.0,-0.019021511487905558,0.0,0.09194107628093082,0.08
run,512,16,norm_L2,norm,2,1.1,all,20000,0.00445,-2.250541086823432e-13,0.00455,1.0464873412274756e-14,0.00225,-2.14054551861409e-14,0.0024,3.49733042526168e-13,0.0092
run,512,16,norm_L2,norm,2,1.1,unplanted,19900,0.0020100502512562816,-0.015431474824720324,0.001959798994974874,-0.015406952840036707,0.0022613065326633165,9.427107338608844e-05,0.002412060301507538,-0.0004620154583466549,0.006532663316582915
run,512,16,norm_L2,norm,2,1.1,planted,100,0.49,3.0708634900743332,0.52,3.065983615169398,0.0,-0.01875994360811277,0.0,0.09194107628093125,0.54
run,512,16,norm_L3,norm,3,1.2,all,20000,0.00585,-2.0804975520150038e-13,0.00575,-6.866756052659184e-14,0.00225,-9.946887757905642e-15,0.0024,3.497316214406965e-13,0.01
run,512,16,norm_L3,norm,3,1.2,unplanted,19900,0.0008542713567839196,-0.029039041941119316,0.0007537688442211055,-0.02902984969500757,0.0022613065326633165,9.164421119180016e-05,0.002412060301507538,-0.000462015458346654,0.005025125628140704
run,512,16,norm_L3,norm,3,1.2,planted,100,1.0,5.778769346241135,1.0,5.776940089292773,0.0,-0.018237198029157922,0.0,0.09194107628093082,1.0
run,512,16,direction_L1,direction,1,5.0,all,20000,0.0026,-2.2333495053317165e-13,0.00255,1.777442193429124e-13,0.00255,1.885780420707306e-15,0.00275,3.3569733659533083e-13,0.00785
run,512,16,direction_L1,direction,1,5.0,unplanted,19900,0.0026130653266331657,0.0002274455020891742,0.002512562814070352,-0.0032858566464393016,0.0018090452261306533,0.010458866865566714,0.0021608040201005025,-0.009777779665140629,0.006934673366834171
run,512,16,direction_L1,direction,1,5.0,planted,100,0.0,-0.04526165496041282,0.01,0.65388547267697,0.15,-2.0813145062473994,0.12,1.9457781534301244,0.19
run,512,16,direction_L2,direction,2,10.0,all,20000,0.0026,-2.2333637161864316e-13,0.00255,-2.3002808546834787e-13,0.00575,-2.8077096203560357e-14,0.00565,3.8701699622833983e-13,0.0106
run,512,16,direction_L2,direction,2,10.0,unplanted,19900,0.0026130653266331657,0.0002274455020891742,0.002412060301507538,-0.006703358820850574,0.0013567839195979898,0.020309677430004433,0.0016582914572864321,-0.018726819351532267,0.006030150753768844
run,512,16,direction_L2,direction,2,10.0,planted,100,0.0,-0.045261654960413115,0.03,1.3339684053032588,0.88,-4.041625808576496,0.8,3.7266370510323243,0.92
run,512,16,direction_L3,direction,3,20.0,all,20000,0.0026,-2.2333850324685044e-13,0.0037,-6.705178634547337e-14,0.00525,-6.419664799750535e-15,0.0055,3.5547849108752417e-13,0.0088
run,512,16,direction_L3,direction,3,20.0,unplanted,19900,0.0026130653266331657,0.0002274455020891742,0.0020603015075376886,-0.013183083067940566,0.0002512562814070352,0.03649135758734634,0.0005025125628140704,-0.03345146765969262,0.003819095477386935
run,512,16,direction_L3,direction,3,20.0,planted,100,0.0,-0.04526165496041357,0.33,2.6234335305067615,1.0,-7.261780159883205,1.0,6.656842064349927,1.0
run,512,17,nullA,,,,all,20000,0.00245,1.9638619619399833e-13,0.00245,1.373599900489353e-13,0.0025,-7.574385563202668e-16,0.00345,7.140410929196151e-13,0.0084
run,512,17,nullB,,,,all,20000,0.0031,5.769287270140922e-14,0.00265,1.4260699288115576e-13,0.00245,-2.4818191945996658e-14,0.00275,2.951459521227662e-13,0.0081
run,512,17,norm_L1,norm,1,1.05,all,20000,0.0034,5.086278065391525e-14,0.003,1.7852315181698941e-13,0.00245,-3.0367530712283044e-14,0.00275,2.951416888663516e-13,0.0085
run,512,17,norm_L1,norm,1,1.05,unplanted,19900,0.002964824120603015,-0.009083591871972555,0.0025628140703517588,-0.009034869777151629,0.0023618090452261304,-0.00023736484253321824,0.002763819095477387,0.0004857184290858121,0.007889447236180904
run,512,17,norm_L1,norm,1,1.05,planted,100,0.09,1.8076347825327108,0.09,1.7979390856888786,0.02,0.04723560365803697,0.0,-0.0966579673290493,0.13
run,512,17,norm_L2,norm,2,1.1,all,20000,0.00515,7.690026393447624e-14,0.0052,-2.0449633097996412e-13,0.00245,-4.7060311203495075e-14,0.00275,2.951477284796056e-13,0.01035
run,512,17,norm_L2,norm,2,1.1,unplanted,19900,0.0022613065326633165,-0.016755121168680432,0.0021608040201005025,-0.01675672908399693,0.0023618090452261304,-0.0002385466832860449,0.002763819095477387,0.0004857184290858141,0.007185929648241206
run,512,17,norm_L2,norm,2,1.1,planted,100,0.58,3.3342691125827857,0.61,3.3345890876744897,0.02,0.04747078996451142,0.0,-0.09665796732904827,0.64
run,512,17,norm_L3,norm,3,1.2,all,20000,0.00605,5.109335177166941e-14,0.00585,1.4726175834312016e-13,0.00245,2.58129517760608e-14,0.00275,2.951473732082377e-13,0.01035
run,512,17,norm_L3,norm,3,1.2,unplanted,19900,0.0010552763819095478,-0.030214309078889313,0.0008542713567839196,-0.030331805029467723,0.0023618090452261304,-0.00024090856121963022,0.002763819095477387,0.00048571842908581533,0.005376884422110552
run,512,17,norm_L3,norm,3,1.2,planted,100,1.0,6.012647506709193,1.0,6.036029200893531,0.02,0.04794080368786895,0.0,-0.09665796732904848,1.0
run,512,17,direction_L1,direction,1,5.0,all,20000,0.0031,5.769358324414497e-14,0.0027,-9.090221908536478e-14,0.0031,1.0705747399697429e-14,0.0034,3.386618985246059e-13,0.00885
run,512,17,direction_L1,direction,1,5.0,unplanted,19900,0.0031155778894472364,-0.0010704426932768582,0.0026633165829145727,-0.004490164541885691,0.0021105527638190956,0.010029329826597199,0.0027135678391959797,-0.008757311698672589,0.007788944723618091
run,512,17,direction_L1,direction,1,5.0,planted,100,0.0,0.21301809597363325,0.01,0.8935427438170714,0.2,-1.9958366354907016,0.14,1.7427050281035779,0.22
run,512,17,direction_L2,direction,2,10.0,all,20000,0.0031,5.769393851551285e-14,0.0029,-6.173053179736598e-14,0.00575,-5.753975074185291e-15,0.00565,3.232557332921715e-13,0.01125
run,512,17,direction_L2,direction,2,10.0,unplanted,19900,0.0031155778894472364,-0.0010704426932768582,0.0026130653266331657,-0.007921360741732988,0.0016080402010050252,0.019821709047456833,0.0022110552763819095,-0.0177516897679874,0.007035175879396985
run,512,17,direction_L2,direction,2,10.0,planted,100,0.0,0.2130180959736332,0.06,1.576350787592518,0.83,-3.9445201004450596,0.69,3.532586263894144,0.85
run,512,17,direction_L3,direction,3,20.0,all,20000,0.0031,5.769358324414497e-14,0.00445,-7.539640023424e-14,0.0055,-3.1885605267234495e-16,0.00585,2.907457385958878e-13,0.0101
run,512,17,direction_L3,direction,3,20.0,unplanted,19900,0.0031155778894472364,-0.0010704426932768582,0.0022613065326633165,-0.014405444683659837,0.0005025125628140704,0.036004948781903384,0.0008542713567839196,-0.032809505548891844,0.0051256281407035175
run,512,17,direction_L3,direction,3,20.0,planted,100,0.0,0.2130180959736333,0.44,2.8666834920332285,1.0,-7.164984807598837,1.0,6.529091604287625,1.0
run,512,18,nullA,,,,all,20000,0.00265,5.075015963029728e-14,0.00265,6.687628228974064e-14,0.0029,-4.3165471197426085e-16,0.0029,-5.3935877986077683e-14,0.00845
run,512,18,nullB,,,,all,20000,0.0033,9.442366888379183e-14,0.00315,-2.2385471254438017e-13,0.00235,-2.319069380973815e-14,0.00225,6.22698337338079e-14,0.00795
run,512,18,norm_L1,norm,1,1.05,all,20000,0.00385,7.991864947598515e-14,0.00345,7.869829232731717e-14,0.00235,3.039701823581708e-14,0.00225,6.227196536201518e-14,0.00835
run,512,18,norm_L1,norm,1,1.05,unplanted,19900,0.0031658291457286433,-0.008143078287126498,0.002864321608040201,-0.008255615265896247,0.0023115577889447235,0.0003065760134319833,0.0022110552763819095,-0.000352600436094942,0.007587939698492462
run,512,18,norm_L1,norm,1,1.05,planted,100,0.14,1.6204725791541568,0.12,1.642867437929092,0.01,-0.061008626666884655,0.01,0.07016748679534766,0.16
run,512,18,norm_L2,norm,2,1.1,all,20000,0.00515,7.908305121873126e-14,0.00475,1.3355929695535452e-13,0.00235,6.16964257460495e-15,0.00225,6.227587334706186e-14,0.0096
run,512,18,norm_L2,norm,2,1.1,unplanted,19900,0.002512562814070352,-0.01580260583411951,0.0022110552763819095,-0.01593928346921444,0.0023115577889447235,0.00030544808594391165,0.0022110552763819095,-0.0003526004360949406,0.006834170854271356
run,512,18,norm_L2,norm,2,1.1,planted,100,0.53,3.1447185610055985,0.51,3.171917410400386,0.01,-0.060784169101604155,0.01,0.07016748679534836,0.56
run,512,18,norm_L3,norm,3,1.2,all,20000,0.00605,7.947917879391753e-14,0.00595,-1.1304877034490346e-13,0.00235,1.3669776421920688e-14,0.00225,6.227125481927942e-14,0.0099
run,512,18,norm_L3,norm,3,1.2,unplanted,19900,0.0010552763819095478,-0.02933312107493098,0.0009547738693467337,-0.029534284589553646,0.0023115577889447235,0.0003031938838066707,0.0022110552763819095,-0.0003526004360949431,0.00492462311557789
run,512,18,norm_L3,norm,3,1.2,planted,100,1.0,5.837291093927162,1.0,5.877322633298568,0.01,-0.06033558287479366,0.01,0.07016748679534776,1.0
run,512,18,direction_L1,direction,1,5.0,all,20000,0.0033,9.442437942652759e-14,0.0033,-1.5100738437467954e-13,0.0034,4.619700177954655e-14,0.00285,-4.7743853315296295e-14,0.009
run,512,18,direction_L1,direction,1,5.0,unplanted,19900,0.0033165829145728643,-0.0001793268082256866,0.0031658291457286433,-0.0037697014681552996,0.0022110552763819095,0.01051984633846905,0.0019095477386934674,-0.009534039772079365,0.007587939698492462
run,512,18,direction_L1,direction,1,5.0,planted,100,0.0,0.03568603485579708,0.03,0.7501705921327034,0.24,-2.0934494213461012,0.19,1.897273914634245,0.29
run,512,18,direction_L2,direction,2,10.0,all,20000,0.0033,9.442366888379183e-14,0.00335,1.3872067938791587e-13,0.0055,-1.569269159062969e-14,0.00485,-3.654818669929227e-14,0.0105
run,512,18,direction_L2,direction,2,10.0,unplanted,19900,0.0033165829145728643,-0.0001793268082256866,0.002964824120603015,-0.007191797277341949,0.0015577889447236182,0.020231397397865312,0.0013065326633165829,-0.018426984669395054,0.006482412060301508
run,512,18,direction_L2,direction,2,10.0,planted,100,0.0,0.0356860348557968,0.08,1.431167658218792,0.79,-4.026048082178337,0.71,3.666969949202307,0.81
run,512,18,direction_L3,direction,3,20.0,all,20000,0.0033,9.442402415515971e-14,0.0043,-7.379910016425129e-14,0.00565,2.765929707493342e-14,0.00575,-1.1759482276829659e-15,0.0102
run,512,18,direction_L3,direction,3,20.0,unplanted,19900,0.0033165829145728643,-0.0001793268082256866,0.0023618090452261304,-0.013669519519002171,0.0006532663316582914,0.03623897842427851,0.0007537688442211055,-0.03310634806875237,0.0052261306532663315
run,512,18,direction_L3,direction,3,20.0,planted,100,0.0,0.03568603485579708,0.39,2.7202343842666714,1.0,-7.211556706425893,1.0,6.588163265681488,1.0
run,512,19,nullA,,,,all,20000,0.00225,-2.2881820882503233e-13,0.00225,7.801119750183716e-14,0.00275,-1.9575452370190761e-16,0.003,2.9718165706071884e-13,0.008
run,512,19,nullB,,,,all,20000,0.00295,4.6354031724149534e-14,0.0028,-1.1751133399684478e-14,0.00275,-1.7377033145749012e-14,0.00285,6.911093919370614e-14,0.00865
run,512,19,norm_L1,norm,1,1.05,all,20000,0.00355,6.546105879579045e-14,0.00335,8.041602939101722e-14,0.00275,4.419575816427823e-14,0.00285,6.911875516379951e-14,0.00925
run,512,19,norm_L1,norm,1,1.05,unplanted,19900,0.002814070351758794,-0.00885705816122058,0.0026130653266331657,-0.008858563526193847,0.0027135678391959797,0.00010038212874178141,0.002864321608040201,-0.0001654035363320968,0.008341708542713568
run,512,19,norm_L1,norm,1,1.05,planted,100,0.15,1.7625545740959885,0.15,1.762854141728659,0.01,-0.01997604361077525,0.0,0.032915303743910655,0.19
run,512,19,norm_L2,norm,2,1.1,all,20000,0.00475,4.533662334438304e-14,0.00485,-2.2170478786165404e-13,0.00275,-4.293809752198285e-15,0.00285,6.911022865097038e-14,0.01035
run,512,19,norm_L2,norm,2,1.1,unplanted,19900,0.001959798994974874,-0.016494142241555574,0.0021105527638190956,-0.01648894162886584,0.0027135678391959797,9.923098833606598e-05,0.002864321608040201,-0.00016540353633210463,0.007185929648241206
run,512,19,norm_L2,norm,2,1.1,planted,100,0.56,3.282334306078627,0.55,3.281299384099961,0.01,-0.019746966679735172,0.0,0.03291530374391024,0.64
run,512,19,norm_L3,norm,3,1.2,all,20000,0.0059,5.570477412675246e-14,0.0061,-9.46227984854886e-14,0.00275,-2.88153501060151e-14,0.00285,6.911307082191343e-14,0.01075
run,512,19,norm_L3,norm,3,1.2,unplanted,19900,0.0009547738693467337,-0.029922944881185933,0.0011557788944723617,-0.02994785629738295,0.0027135678391959797,9.693043654426623e-05,0.002864321608040201,-0.00016540353633209893,0.005829145728643216
run,512,19,norm_L3,norm,3,1.2,planted,100,0.99,5.954666031367142,0.99,5.959623403160282,0.01,-0.019289156878072356,0.0,0.03291530374391056,0.99
run,512,19,direction_L1,direction,1,5.0,all,20000,0.00295,4.635154482457437e-14,0.0029,6.023972431989932e-14,0.0034,2.3384671976600658e-14,0.0035,1.0813749895532964e-13,0.0095
run,512,19,direction_L1,direction,1,5.0,unplanted,19900,0.002964824120603015,-0.0008891190815245845,0.002814070351758794,-0.004383774534941971,0.0025628140703517588,0.01038735983429922,0.0026633165829145727,-0.009526751317028927,0.008442211055276382
run,512,19,direction_L1,direction,1,5.0,planted,100,0.0,0.1769346972326623,0.02,0.8723711324655004,0.17,-2.0670846070208686,0.17,1.8958235121103828,0.22
run,512,19,direction_L2,direction,2,10.0,all,20000,0.00295,4.6352965910045896e-14,0.0031,-8.016964869739241e-15,0.00595,-2.077058525173925e-14,0.00565,1.0280700735165737e-13,0.01165
run,512,19,direction_L2,direction,2,10.0,unplanted,19900,0.002964824120603015,-0.0008891190815245845,0.002763819095477387,-0.007780641939538066,0.0017587939698492463,0.020174567398806322,0.0020603015075376886,-0.018496051368481044,0.007336683417085427
run,512,19,direction_L2,direction,2,10.0,planted,100,0.0,0.1769346972326624,0.07,1.5483477459664723,0.84,-4.014738912366612,0.72,3.680714222348289,0.87
run,512,19,direction_L3,direction,3,20.0,all,20000,0.00295,4.6351011917522554e-14,0.00425,2.0029133906973583e-14,0.0057,-2.219024963778793e-15,0.00555,7.36669392153999e-14,0.01005
run,512,19,direction_L3,direction,3,20.0,unplanted,19900,0.002964824120603015,-0.0008891190815245845,0.0023115577889447235,-0.014202395222322285,0.0007035175879396985,0.036293917597714574,0.0005527638190954774,-0.03336346734881068,0.005075376884422111
run,512,19,direction_L3,direction,3,20.0,planted,100,0.0,0.17693469723266236,0.39,2.826276649246141,1.0,-7.222489601945645,1.0,6.639330002428059,1.0
run,512,20,nullA,,,,all,20000,0.00355,1.13861631234613e-13,0.00355,-2.690956790729615e-13,0.00255,-1.4992451724538114e-16,0.00305,-2.0204167228143888e-13,0.00915
run,512,20,nullB,,,,all,20000,0.0028,-1.1837748559173634e-13,0.00225,3.5452067947971957e-13,0.0027,-9.382716825712123e-16,0.0027,-2.2148327616378082e-13,0.00765
run,512,20,norm_L1,norm,1,1.05,all,20000,0.00315,-1.2429701712335372e-13,0.0025,-1.6297256877351175e-13,0.0027,8.44124770082999e-16,0.0027,-2.2148896050566692e-13,0.00795
run,512,20,norm_L1,norm,1,1.05,unplanted,19900,0.002814070351758794,-0.00788303177166425,0.0021608040201005025,-0.008023564679102894,0.0026633165829145727,0.000445494635975039,0.0026633165829145727,-0.00024253511189211831,0.007537688442211055
run,512,20,norm_L1,norm,1,1.05,planted,100,0.07,1.5687233225363264,0.07,1.5966893711088803,0.01,-0.08865343255886363,0.01,0.04826448722223335,0.09
run,512,20,norm_L2,norm,2,1.1,all,20000,0.0053,-1.143320105256862e-13,0.0046,-1.32538957586803e-13,0.0027,-3.241709123358305e-14,0.0027,-2.2148611833472386e-13,0.01015
run,512,20,norm_L2,norm,2,1.1,unplanted,19900,0.002412060301507538,-0.015524508958681784,0.0017587939698492463,-0.015671938242320074,0.0026633165829145727,0.0004442310524828761,0.0026633165829145727,-0.00024253511189211975,0.006984924623115578
run,512,20,norm_L2,norm,2,1.1,planted,100,0.58,3.0893772827548083,0.57,3.1187157101951875,0.01,-0.08840197945057525,0.01,0.048264487222234226,0.64
run,512,20,norm_L3,norm,3,1.2,all,20000,0.0062,-1.2355272360764502e-13,0.00595,-1.8045085425910657e-13,0.0027,3.485070010356139e-14,0.0027,-2.214804339928378e-13,0.01055
run,512,20,norm_L3,norm,3,1.2,unplanted,19900,0.001206030150753769,-0.02905657393684087,0.0009547738693467337,-0.029240550950566206,0.0026633165829145727,0.00044170572773410337,0.0026633165829145727,-0.00024253511189211403,0.005577889447236181
run,512,20,norm_L3,norm,3,1.2,planted,100,1.0,5.782258213406624,1.0,5.818869639126586,0.01,-0.08789943981211688,0.01,0.048264487222234524,1.0
run,512,20,direction_L1,direction,1,5.0,all,20000,0.0028,-1.1837801849878815e-13,0.00225,2.5860202867988846e-14,0.00355,-2.211919536421192e-15,0.0031,-2.644171104293491e-13,0.0084
run,512,20,direction_L1,direction,1,5.0,unplanted,19900,0.002814070351758794,4.9996548968766e-05,0.0022613065326633165,-0.0035613665328460375,0.002412060301507538,0.010769105924214385,0.0023618090452261304,-0.009638090933957686,0.007185929648241206
run,512,20,direction_L1,direction,1,5.0,planted,100,0.0,-0.00994931326845983,0.0,0.7087119400415345,0.23,-2.1430520789191054,0.15,1.917980095804697,0.25
run,512,20,direction_L2,direction,2,10.0,all,20000,0.0028,-1.18375531599213e-13,0.00235,1.2842633623222355e-13,0.006,-5.963585181234521e-15,0.00555,-2.6753355086839293e-13,0.0105
run,512,20,direction_L2,direction,2,10.0,unplanted,19900,0.002814070351758794,4.9996548968766e-05,0.0021608040201005025,-0.006960876967324256,0.0017587939698492463,0.02056256320075295,0.001708542713567839,-0.018691150586372066,0.006180904522613066
run,512,20,direction_L2,direction,2,10.0,planted,100,0.0,-0.00994931326845954,0.04,1.385214516523211,0.85,-4.091950076951029,0.77,3.719538966634536,0.87
run,512,20,direction_L3,direction,3,20.0,all,20000,0.0028,-1.1837659741331664e-13,0.00375,3.425313366278715e-14,0.0054,-1.759872247930616e-14,0.00555,-1.9292158981443208e-13,0.00905
run,512,20,direction_L3,direction,3,20.0,unplanted,19900,0.002814070351758794,4.9996548968766e-05,0.0018090452261306533,-0.013400354509131173,0.0004020100502512563,0.03662491226008639,0.0005527638190954774,-0.03365248465410522,0.00407035175879397
run,512,20,direction_L3,direction,3,20.0,planted,100,0.0,-0.009949313268459598,0.39,2.6666705473239545,1.0,-7.288357539760711,1.0,6.696844446128353,1.0
run,768,1,nullA,,,,all,20000,0.00215,5.6683191473894113e-14,0.0022,1.1277130340658914e-13,0.00295,4.995115432393504e-16,0.0036,-1.1313510128729831e-13,0.00865
run,768,1,nullB,,,,all,20000,0.0028,-3.2749980505286655e-14,0.0028,1.0304219699719396e-13,0.00265,2.948308264194566e-14,0.0031,-3.5556091404487235e-13,0.00835
run,768,1,norm_L1,norm,1,1.05,all,20000,0.00345,-2.0460078076212086e-14,0.0035,1.1108305386642314e-13,0.00265,2.255262643302558e-15,0.0031,-3.555509664465717e-13,0.0091
run,768,1,norm_L1,norm,1,1.05,unplanted,19900,0.0025628140703517588,-0.009769215149886665,0.0026633165829145727,-0.009603774754027452,0.0026633165829145727,-0.00040285076774393137,0.0031155778894472364,0.00019703433451555923,0.008090452261306533
run,768,1,norm_L1,norm,1,1.05,planted,100,0.18,1.944073814823354,0.17,1.9111511760736792,0.0,0.08016730278149309,0.0,-0.0392098326397063,0.21
run,768,1,norm_L2,norm,2,1.1,all,20000,0.0054,-2.2364687879417032e-14,0.00605,-2.9261926215440324e-14,0.00265,-4.571880651838001e-14,0.0031,-3.5555025590383595e-13,0.01135
run,768,1,norm_L2,norm,2,1.1,unplanted,19900,0.0017587939698492463,-0.018954357579600487,0.0022613065326633165,-0.018794748582122604,0.0026633165829145727,-0.0004043070203462905,0.0031155778894472364,0.00019703433451555654,0.007386934673366834
run,768,1,norm_L2,norm,2,1.1,planted,100,0.73,3.7719171583360236,0.76,3.740154967836547,0.0,0.08045709703976806,0.0,-0.03920983263970556,0.8
run,768,1,norm_L3,norm,3,1.2,all,20000,0.00555,-4.186730961919238e-14,0.0056,2.5485391574875393e-14,0.00265,2.9472957407961074e-14,0.0031,-3.5555025590383595e-13,0.01035
run,768,1,norm_L3,norm,3,1.2,unplanted,19900,0.0005527638190954774,-0.034349721460162845,0.0006030150753768845,-0.03426345212235158,0.0026633165829145727,-0.00040721731097804293,0.0031155778894472364,0.0001970343345155578,0.005376884422110552
run,768,1,norm_L3,norm,3,1.2,planted,100,1.0,6.835594570564034,1.0,6.818426972353063,0.0,0.08103624489052474,0.0,-0.03920983263970593,1.0
run,768,1,direction_L1,direction,1,5.0,all,20000,0.0028,-3.275033577665454e-14,0.00285,3.368683110238635e-14,0.0037,5.17879072958749e-15,0.00385,-1.2613359245960965e-13,0.00945
run,768,1,direction_L1,direction,1,5.0,unplanted,19900,0.002814070351758794,-5.080970758010189e-05,0.002814070351758794,-0.004168775460618925,0.002462311557788945,0.01211876621955298,0.002914572864321608,-0.011068050394870162,0.008090452261306533
run,768,1,direction_L1,direction,1,5.0,planted,100,0.0,0.010111131801890877,0.01,0.8295863166699035,0.25,-2.411634477690007,0.19,2.202542028553935,0.28
run,768,1,direction_L2,direction,2,10.0,all,20000,0.0028,-3.274784887707938e-14,0.00315,-1.048029218964075e-13,0.00645,-2.9475444307536235e-14,0.00675,-1.7192105516983247e-13,0.0117
run,768,1,direction_L2,direction,2,10.0,unplanted,19900,0.002814070351758794,-5.080970758010189e-05,0.0027135678391959797,-0.008334189208513844,0.0016080402010050252,0.023729238170589903,0.0021608040201005025,-0.02170763001194076,0.006884422110552763
run,768,1,direction_L2,direction,2,10.0,planted,100,0.0,0.01011113180189123,0.09,1.6585036524732941,0.97,-4.722118395953287,0.92,4.319818372341826,0.97
run,768,1,direction_L3,direction,3,20.0,all,20000,0.0028,-3.2747138334343615e-14,0.0055,9.266081235637103e-14,0.0052,-1.3000978071886493e-14,0.0056,-1.5849632717390704e-13,0.00945
run,768,1,direction_L3,direction,3,20.0,unplanted,19900,0.002814070351758794,-5.080970758010189e-05,0.002462311557788945,-0.01614268629957083,0.00020100502512562814,0.04145357839533253,0.0006030150753768845,-0.03825519247684169,0.004472361809045226
run,768,1,direction_L3,direction,3,20.0,planted,100,0.0,0.010111131801891264,0.61,3.2123945736331274,1.0,-8.249262100673773,1.0,7.612783302859799,1.0
run,768,2,nullA,,,,all,20000,0.0028,1.001566829472722e-13,0.00285,-3.779376811507973e-15,0.00235,6.050271394997253e-16,0.0034,6.813138497818727e-13,0.0086
run,768,2,nullB,,,,all,20000,0.00315,2.1925430360170138e-13,0.00255,2.5170692197207244e-13,0.00265,6.995293233558187e-15,0.00225,3.151704675019573e-13,0.00795
run,768,2,norm_L1,norm,1,1.05,all,20000,0.0039,2.0457324723111015e-13,0.0028,1.9972379305954746e-13,0.00265,6.473044322774513e-15,0.00225,3.151640726173355e-13,0.0085
run,768,2,norm_L1,norm,1,1.05,unplanted,19900,0.002914572864321608,-0.009933810970886733,0.0022110552763819095,-0.009887069082437734,0.0026633165829145727,-0.00011085524329845968,0.0022613065326633165,-9.212626260846615e-05,0.007487437185929648
run,768,2,norm_L1,norm,1,1.05,planted,100,0.2,1.9768283832473745,0.12,1.967526747445053,0.0,0.022060193417688122,0.0,0.01833312632211832,0.21
run,768,2,norm_L2,norm,2,1.1,all,20000,0.0058,2.009688415682831e-13,0.00545,3.8858871675984117e-14,0.00265,2.4856916525095585e-14,0.00225,3.151725991301646e-13,0.0105
run,768,2,norm_L2,norm,2,1.1,unplanted,19900,0.0020603015075376886,-0.01919964222198334,0.001708542713567839,-0.01917043503957735,0.0026633165829145727,-0.00011227268062758377,0.0022613065326633165,-9.212626260846116e-05,0.0066331658291457285
run,768,2,norm_L2,norm,2,1.1,planted,100,0.75,3.820728802214879,0.75,3.8149165728836665,0.0,0.02234226344986068,0.0,0.01833312632211895,0.78
run,768,2,norm_L3,norm,3,1.2,all,20000,0.0058,1.7292069998120495e-13,0.00555,-3.567039996710264e-14,0.00265,-2.7556268378248206e-14,0.00225,3.1516620424554275e-13,0.01005
run,768,2,norm_L3,norm,3,1.2,unplanted,19900,0.0008040201005025126,-0.03467158831235514,0.0005527638190954774,-0.03471461117705471,0.0026633165829145727,-0.00011510542258228431,0.0022613065326633165,-9.212626260846615e-05,0.005075376884422111
run,768,2,norm_L3,norm,3,1.2,planted,100,1.0,6.899646074193256,1.0,6.908207624226755,0.0,0.022905979088362817,0.0,0.01833312632211857,1.0
run,768,2,direction_L1,direction,1,5.0,all,20000,0.00315,2.1925359305896563e-13,0.00255,1.1694858415012278e-13,0.00365,9.315215265814913e-15,0.00295,2.6744260139821565e-13,0.00875
run,768,2,direction_L1,direction,1,5.0,unplanted,19900,0.0031658291457286433,-0.00011466149258724349,0.002462311557788945,-0.004378382891685394,0.0023115577889447235,0.012425546701871754,0.0018592964824120603,-0.01140689640514228,0.007185929648241206
run,768,2,direction_L1,direction,1,5.0,planted,100,0.0,0.022817637068712298,0.02,0.8712981954687834,0.27,-2.4726837936706163,0.22,2.269972384676803,0.32
run,768,2,direction_L2,direction,2,10.0,all,20000,0.00315,2.1925306015191381e-13,0.0028,-5.356746157758607e-14,0.0065,-4.60929072687577e-15,0.00595,2.714926949920482e-13,0.0108
run,768,2,direction_L2,direction,2,10.0,unplanted,19900,0.0031658291457286433,-0.00011466149258724349,0.0022613065326633165,-0.008586067749019518,0.001507537688442211,0.024019742369150904,0.0013065326633165829,-0.02204460538307934,0.005829145728643216
run,768,2,direction_L2,direction,2,10.0,planted,100,0.0,0.022817637068712218,0.11,1.7086274820441703,1.0,-4.779928731461952,0.93,4.386876471287088,1.0
run,768,2,direction_L3,direction,3,20.0,all,20000,0.00315,2.1925465887306928e-13,0.005,-3.2937919058895205e-13,0.0052,-8.979483823168266e-15,0.00555,2.376808083681681e-13,0.00895
run,768,2,direction_L3,direction,3,20.0,unplanted,19900,0.0031658291457286433,-0.00011466149258724349,0.0018592964824120603,-0.01646128682330138,0.00020100502512562814,0.041663226496938474,0.0005527638190954774,-0.0385121173260368,0.003969849246231155
run,768,2,direction_L3,direction,3,20.0,planted,100,0.0,0.022817637068712298,0.63,3.2757960777710995,1.0,-8.29098207289255,1.0,7.66391134792886,1.0
run,768,3,nullA,,,,all,20000,0.0025,1.4731718067650944e-13,0.00255,-2.984350544465997e-14,0.00235,-8.235190307459561e-16,0.0044,-1.093653168027231e-13,0.00925
run,768,3,nullB,,,,all,20000,0.0025,-1.7838246435530891e-13,0.0029,2.6776660888572225e-13,0.0022,1.9625190361693967e-14,0.0022,4.3580001829468527e-13,0.0075
run,768,3,norm_L1,norm,1,1.05,all,20000,0.00305,-1.665885207557949e-13,0.0034,2.1416397544271603e-13,0.0022,-5.152145376996486e-15,0.0022,4.35797886666478e-13,0.00795
run,768,3,norm_L1,norm,1,1.05,unplanted,19900,0.0023115577889447235,-0.009502797259811872,0.0026633165829145727,-0.00937411199313246,0.0021608040201005025,-0.0003829484540590466,0.0021608040201005025,0.0003422871970309316,0.007135678391959799
run,768,3,norm_L1,norm,1,1.05,planted,100,0.15,1.8910566546692456,0.15,1.865448286676192,0.01,0.07620674235671956,0.01,-0.06811515212199681,0.17
run,768,3,norm_L2,norm,2,1.1,all,20000,0.0057,-1.7577619360054086e-13,0.0059,1.6086154630556849e-13,0.0022,-1.9491608327371067e-14,0.0022,4.3579362341006347e-13,0.01025
run,768,3,norm_L2,norm,2,1.1,unplanted,19900,0.001959798994974874,-0.018697715360186953,0.0022613065326633165,-0.018600522116575778,0.0021608040201005025,-0.00038437036292026663,0.0021608040201005025,0.0003422871970309341,0.006482412060301508
run,768,3,norm_L2,norm,2,1.1,planted,100,0.75,3.720845356642048,0.73,3.701503901230753,0.01,0.07648970221723482,0.01,-0.06811515212199684,0.76
run,768,3,norm_L3,norm,3,1.2,all,20000,0.00555,-1.5882619663898366e-13,0.00565,-1.579085306957495e-13,0.0022,3.5576164236772456e-14,0.0022,4.357932681386956e-13,0.0097
run,768,3,norm_L3,norm,3,1.2,unplanted,19900,0.0005527638190954774,-0.03413958947980639,0.0006532663316582914,-0.034142918580769586,0.0021608040201005025,-0.0003872120241649811,0.0021608040201005025,0.0003422871970309273,0.004723618090452261
run,768,3,norm_L3,norm,3,1.2,planted,100,1.0,6.793778306449704,1.0,6.794440797541566,0.01,0.07705519281594636,0.01,-0.06811515212199597,1.0
run,768,3,direction_L1,direction,1,5.0,all,20000,0.0025,-1.7837962218436588e-13,0.0029,1.281602379776814e-13,0.0031,2.063842430288787e-14,0.0029,3.367599532566601e-13,0.00825
run,768,3,direction_L1,direction,1,5.0,unplanted,19900,0.002512562814070352,0.00021129108097940602,0.002864321608040201,-0.003922091725784609,0.0017587939698492463,0.012159178531010475,0.0017587939698492463,-0.01095119579822454,0.0067336683417085425
run,768,3,direction_L1,direction,1,5.0,planted,100,0.0,-0.04204692515057739,0.01,0.7804962534567684,0.27,-2.4196765276669567,0.23,2.1792879639140357,0.31
run,768,3,direction_L2,direction,2,10.0,all,20000,0.0025,-1.7838246435530891e-13,0.0032,-4.839044720483798e-14,0.00595,8.034035658965877e-14,0.00535,2.756063821607313e-13,0.0101
run,768,3,direction_L2,direction,2,10.0,unplanted,19900,0.002512562814070352,0.00021129108097940602,0.002763819095477387,-0.008099138132581223,0.0010050251256281408,0.02378302698599324,0.0010050251256281408,-0.02163329617461111,0.0051758793969849245
run,768,3,direction_L2,direction,2,10.0,planted,100,0.0,-0.04204692515057798,0.09,1.611728488373985,0.99,-4.732822370196587,0.87,4.305025938802732,0.99
run,768,3,direction_L3,direction,3,20.0,all,20000,0.0025,-1.783810432698374e-13,0.0052,-1.4204335485601405e-13,0.0052,-1.9262813566456317e-15,0.0054,2.137085175490938e-13,0.0089
run,768,3,direction_L3,direction,3,20.0,unplanted,19900,0.002512562814070352,0.00021129108097940602,0.002462311557788945,-0.015935011360574968,0.00020100502512562814,0.04151132583847449,0.0004020100502512563,-0.03811075970851888,0.003919597989949748
run,768,3,direction_L3,direction,3,20.0,planted,100,0.0,-0.04204692515057775,0.55,3.1710672607260104,1.0,-8.26075384185681,1.0,7.584041182038,1.0
run,768,4,nullA,,,,all,20000,0.0024,1.0115854820469395e-13,0.0025,5.260289981379174e-14,0.00225,3.1263880373444406e-16,0.00345,-4.26764401595392e-13,0.0082
run,768,4,nullB,,,,all,20000,0.00305,-7.964828796502843e-14,0.0029,6.244817996048369e-14,0.00225,6.158806797884608e-15,0.00255,7.646434596608742e-14,0.00785
run,768,4,norm_L1,norm,1,1.05,all,20000,0.00365,-8.543779017600173e-14,0.00325,2.0369768094496976e-13,0.00225,3.582023566650605e-14,0.00255,7.645795108146558e-14,0.0085
run,768,4,norm_L1,norm,1,1.05,unplanted,19900,0.002763819095477387,-0.009119783794549313,0.0026633165829145727,-0.008797864945281553,0.0022613065326633165,-0.0008689604663641182,0.0025628140703517588,0.0007787948773838455,0.007587939698492462
run,768,4,norm_L1,norm,1,1.05,planted,100,0.18,1.8148369750982252,0.12,1.7507751241517682,0.0,0.17292313281362323,0.0,-0.15498018058409338,0.19
run,768,4,norm_L2,norm,2,1.1,all,20000,0.0055,-9.422436164641112e-14,0.00555,2.0834036718042626e-13,0.00225,-1.1937295596453624e-14,0.00255,7.645652999599407e-14,0.0101
run,768,4,norm_L2,norm,2,1.1,unplanted,19900,0.0020603015075376886,-0.018363485072542114,0.0020603015075376886,-0.018053570973328808,0.0022613065326633165,-0.0008703166939425882,0.0025628140703517588,0.0007787948773838447,0.0066331658291457285
run,768,4,norm_L2,norm,2,1.1,planted,100,0.69,3.6543335294170363,0.7,3.5926606237341003,0.0,0.173193022092188,0.0,-0.15498018058409366,0.7
run,768,4,norm_L3,norm,3,1.2,all,20000,0.00555,-7.130012136258301e-14,0.0056,-1.5586856250138226e-13,0.00225,1.645465985689043e-14,0.00255,7.646328015198378e-14,0.0094
run,768,4,norm_L3,norm,3,1.2,unplanted,19900,0.0005527638190954774,-0.03391555049415847,0.0006030150753768845,-0.03370916907259982,0.0022613065326633165,-0.0008730270325904742,0.0025628140703517588,0.0007787948773838447,0.004422110552763819
run,768,4,norm_L3,norm,3,1.2,planted,100,1.0,6.749194548323275,1.0,6.7081246454161905,0.0,0.17373237948879527,0.0,-0.15498018058409202,1.0
run,768,4,direction_L1,direction,1,5.0,all,20000,0.00305,-8.945661988946085e-14,0.00295,1.3049188396507817e-13,0.00325,1.3172396506888617e-14,0.00335,-1.1845173730762326e-13,0.00895
run,768,4,direction_L1,direction,1,5.0,unplanted,19900,0.003065326633165829,0.0006268482700676566,0.002864321608040201,-0.0033477148341638304,0.0020603015075376886,0.011726561920251004,0.0023618090452261304,-0.010485002137073056,0.007587939698492462
run,768,4,direction_L1,direction,1,5.0,planted,100,0.0,-0.12474280576135462,0.02,0.6661952520247004,0.24,-2.333585822127315,0.2,2.0865154252538476,0.28
run,768,4,direction_L2,direction,2,10.0,all,20000,0.00305,-8.94559093467251e-14,0.0031,8.011298291421554e-14,0.00615,7.144507208067808e-15,0.00595,-1.2573053709274973e-13,0.01115
run,768,4,direction_L2,direction,2,10.0,unplanted,19900,0.003065326633165829,0.0006268482700676566,0.0027135678391959797,-0.007532640762898313,0.001407035175879397,0.023436532056482703,0.001507537688442211,-0.02116449553236635,0.006432160804020101
run,768,4,direction_L2,direction,2,10.0,planted,100,0.0,-0.12474280576135463,0.08,1.4989955118327862,0.95,-4.6638698792386295,0.89,4.211734610915757,0.95
run,768,4,direction_L3,direction,3,20.0,all,20000,0.00305,-8.945519880398934e-14,0.00495,-1.279573780266219e-13,0.0051,-1.304769625676272e-14,0.00535,-1.8506867149881145e-13,0.0092
run,768,4,direction_L3,direction,3,20.0,unplanted,19900,0.003065326633165829,0.0006268482700676566,0.002412060301507538,-0.01540165953578873,0.00010050251256281407,0.04133692452963165,0.00035175879396984926,-0.03780401277281815,0.004221105527638191
run,768,4,direction_L3,direction,3,20.0,planted,100,0.0,-0.12474280576135433,0.51,3.064930247596365,1.0,-8.226047981399306,1.0,7.522998541753798,1.0
run,768,5,nullA,,,,all,20000,0.0032,4.049987012422207e-14,0.00315,1.7082442127502872e-13,0.0026,3.240074875066057e-16,0.0036,-4.2714560777312727e-13,0.0094
run,768,5,nullB,,,,all,20000,0.0027,-2.0827144453505752e-13,0.00335,2.064304283067031e-15,0.0021,5.427125415735645e-14,0.00315,-3.754642818876164e-13,0.0084
run,768,5,norm_L1,norm,1,1.05,all,20000,0.00315,-2.0220731755671295e-13,0.0036,2.4139001908451974e-13,0.0021,3.1032243441586615e-14,0.00315,-3.754635713448806e-13,0.0088
run,768,5,norm_L1,norm,1,1.05,unplanted,19900,0.0025628140703517588,-0.008913618805928884,0.003015075376884422,-0.008911577971601668,0.0021105527638190956,-8.307278021244548e-05,0.0031658291457286433,0.000511779462200003,0.008190954773869347
run,768,5,norm_L1,norm,1,1.05,planted,100,0.12,1.7738101423394064,0.12,1.7734040163970102,0.0,0.01653148326848319,0.0,-0.10184411305289286,0.13
run,768,5,norm_L2,norm,2,1.1,all,20000,0.0057,-2.115413622050255e-13,0.00595,-2.9568951731562267e-13,0.0021,-1.3831424894306111e-14,0.00315,-3.754657029730879e-13,0.0111
run,768,5,norm_L2,norm,2,1.1,unplanted,19900,0.0020603015075376886,-0.01808245045572804,0.0022110552763819095,-0.018127428051442705,0.0021105527638190956,-8.452077485858079e-05,0.0031658291457286433,0.000511779462200003,0.007236180904522613
run,768,5,norm_L2,norm,2,1.1,planted,100,0.73,3.598407640647571,0.75,3.60735818217796,0.0,0.01681963419409117,0.0,-0.1018441130528936,0.78
run,768,5,norm_L3,norm,3,1.2,all,20000,0.00575,-1.6350583109669968e-13,0.00555,6.482920866801579e-14,0.0021,3.378630708539276e-14,0.00315,-3.7546712405855943e-13,0.00995
run,768,5,norm_L3,norm,3,1.2,unplanted,19900,0.0007537688442211055,-0.033568786910101074,0.0005527638190954774,-0.033718693737733355,0.0021105527638190956,-8.741459204055508e-05,0.0031658291457286433,0.000511779462200003,0.004974874371859297
run,768,5,norm_L3,norm,3,1.2,planted,100,1.0,6.6801885950774125,1.0,6.7100200538219035,0.0,0.01739550382282728,0.0,-0.10184411305289373,1.0
run,768,5,direction_L1,direction,1,5.0,all,20000,0.0027,-2.082717998064254e-13,0.0034,1.2805934090920346e-14,0.0035,-7.042189054118353e-15,0.0039,-2.8274840246922396e-13,0.00955
run,768,5,direction_L1,direction,1,5.0,unplanted,19900,0.0026633165829145727,0.0007374366398165393,0.0032663316582914573,-0.0034954934369892526,0.0018090452261306533,0.012500899271951924,0.002763819095477387,-0.010938175845691522,0.007738693467336684
run,768,5,direction_L1,direction,1,5.0,planted,100,0.01,-0.1467498913651467,0.03,0.695603193963422,0.34,-2.4876789551198404,0.23,2.176696993236064,0.37
run,768,5,direction_L2,direction,2,10.0,all,20000,0.0027,-2.082717998064254e-13,0.0034,-1.7784671513254578e-13,0.00635,-6.934470775377121e-14,0.00585,-2.4611566118437624e-13,0.01145
run,768,5,direction_L2,direction,2,10.0,unplanted,19900,0.0026633165829145727,0.0007374366398165393,0.0031155778894472364,-0.007673091439815125,0.001457286432160804,0.02412870093499818,0.001457286432160804,-0.021708506442223486,0.006532663316582915
run,768,5,direction_L2,direction,2,10.0,planted,100,0.01,-0.14674989136514666,0.06,1.5269451964876408,0.98,-4.801611486078507,0.88,4.3199927819532515,0.99
run,768,5,direction_L3,direction,3,20.0,all,20000,0.0027,-2.0826753655001086e-13,0.005,-7.939267021583873e-14,0.00515,-7.73390240738081e-15,0.0054,-2.2948896116758987e-13,0.00925
run,768,5,direction_L3,direction,3,20.0,unplanted,19900,0.0026633165829145727,0.0007374366398165393,0.002512562814070352,-0.01551954847227805,0.00015075376884422112,0.04178784886777418,0.0004020100502512563,-0.03821001504979747,0.004271356783919598
run,768,5,direction_L3,direction,3,20.0,planted,100,0.01,-0.1467498913651459,0.5,3.088390145967453,1.0,-8.315781924688608,1.0,7.6037929948638,1.0
run,768,6,nullA,,,,all,20000,0.0026,-4.085355165273086e-13,0.0026,2.628838480234208e-13,0.0029,-1.1326051208015996e-15,0.00355,2.1031354435763206e-13,0.0091
run,768,6,nullB,,,,all,20000,0.00325,-2.2523849452227296e-13,0.0031,3.979430118761229e-14,0.0022,8.655476335661661e-15,0.0025,-2.6183748502717207e-13,0.0082
run,768,6,norm_L1,norm,1,1.05,all,20000,0.00345,-1.9350672175733053e-13,0.00355,-1.0447003262470389e-13,0.0022,-2.730367043568549e-14,0.0025,-2.618410377408509e-13,0.0086
run,768,6,norm_L1,norm,1,1.05,unplanted,19900,0.003065326633165829,-0.0087867364218782,0.003015075376884422,-0.00882575211890004,0.0022110552763819095,8.794598190696981e-05,0.002512562814070352,-0.0003345644338478189,0.008090452261306533
run,768,6,norm_L1,norm,1,1.05,planted,100,0.08,1.748560547915061,0.11,1.7563246716402134,0.0,-0.017501250404947596,0.0,0.06657832228334783,0.11
run,768,6,norm_L2,norm,2,1.1,all,20000,0.00585,-2.0666064415308939e-13,0.00605,-1.8201511409188243e-13,0.0022,4.970246436641901e-16,0.0025,-2.6183997192674726e-13,0.01095
run,768,6,norm_L2,norm,2,1.1,unplanted,19900,0.0023618090452261304,-0.018023705470656695,0.002512562814070352,-0.01809151903534995,0.0022110552763819095,8.65297565896603e-05,0.002512562814070352,-0.0003345644338478175,0.00728643216080402
run,768,6,norm_L2,norm,2,1.1,planted,100,0.7,3.5867173886193497,0.71,3.6002122879982363,0.0,-0.017219421561242877,0.0,0.06657832228334794,0.74
run,768,6,norm_L3,norm,3,1.2,all,20000,0.0055,-1.6506813693695222e-13,0.0056,5.707221362172276e-14,0.0022,1.8116352862307396e-14,0.0025,-2.618392613840115e-13,0.00955
run,768,6,norm_L3,norm,3,1.2,unplanted,19900,0.0005025125628140704,-0.03361444518490624,0.0006030150753768845,-0.033758308562989954,0.0022110552763819095,8.369940918321998e-05,0.002512562814070352,-0.0003345644338478182,0.00457286432160804
run,768,6,norm_L3,norm,3,1.2,planted,100,1.0,6.689274591763328,1.0,6.717903404046415,0.0,-0.016656182423838047,0.0,0.0665783222833482,1.0
run,768,6,direction_L1,direction,1,5.0,all,20000,0.00325,-2.2524027087911237e-13,0.0032,-4.830624789065041e-15,0.0034,-1.6713030959181196e-14,0.0038,-1.9286154895326035e-13,0.00965
run,768,6,direction_L1,direction,1,5.0,unplanted,19900,0.0032663316582914573,0.0009316592188682749,0.003065326633165829,-0.0033812465503676933,0.0016582914572864321,0.012558656362563803,0.0022613065326633165,-0.011546122124857972,0.007587939698492462
run,768,6,direction_L1,direction,1,5.0,planted,100,0.0,-0.18540018459983476,0.03,0.6728680635222051,0.35,-2.49917261615354,0.31,2.2976783028081638,0.42
run,768,6,direction_L2,direction,2,10.0,all,20000,0.00325,-2.2524151432889994e-13,0.0033,4.178524193321209e-14,0.00585,-8.318679078911373e-15,0.00585,-2.0989219251532631e-13,0.0112
run,768,6,direction_L2,direction,2,10.0,unplanted,19900,0.0032663316582914573,0.0009316592188682749,0.003015075376884422,-0.007580298585235469,0.0010050251256281408,0.024084639476688294,0.0013567839195979898,-0.022147844633628247,0.006381909547738694
run,768,6,direction_L2,direction,2,10.0,planted,100,0.0,-0.18540018459983493,0.06,1.5084794184702148,0.97,-4.792843255862635,0.9,4.407421082050042,0.97
run,768,6,direction_L3,direction,3,20.0,all,20000,0.00325,-2.2524080378616418e-13,0.0052,3.2805758110043826e-14,0.0052,-3.4441427487763576e-14,0.00515,-1.595129361930958e-13,0.0095
run,768,6,direction_L3,direction,3,20.0,unplanted,19900,0.0032663316582914573,0.0009316592188682749,0.0026130653266331657,-0.015467312383913799,0.00020100502512562814,0.041636750965343604,0.00015075376884422112,-0.03828270432009344,0.004522613065326633
run,768,6,direction_L3,direction,3,20.0,planted,100,0.0,-0.1854001845998347,0.52,3.0779951644054067,1.0,-8.285713442110266,1.0,7.618258159666691,1.0
run,768,7,nullA,,,,all,20000,0.00265,-1.70826552903236e-13,0.0027,-9.633538411435438e-14,0.00235,-7.876366225900711e-16,0.00315,1.1276064526555274e-13,0.0083
run,768,7,nullB,,,,all,20000,0.0022,-1.3964758238671492e-13,0.0029,1.794298043478193e-13,0.00185,6.618492420784605e-14,0.0024,-8.627960568219351e-14,0.007
run,768,7,norm_L1,norm,1,1.05,all,20000,0.00295,-1.3282885902299312e-13,0.00355,1.4666206027413864e-13,0.00185,-6.8045125090065994e-15,0.0024,-8.627534242577894e-14,0.00775
run,768,7,norm_L1,norm,1,1.05,unplanted,19900,0.0020603015075376886,-0.01012909969571586,0.0026130653266331657,-0.010183315755496077,0.0018592964824120603,0.00023316851248781481,0.002412060301507538,-0.0003458532274571817,0.0067336683417085425
run,768,7,norm_L1,norm,1,1.05,planted,100,0.18,2.0156908394208903,0.19,2.0264798353730513,0.0,-0.04640053398643607,0.0,0.06882479224672436,0.21
run,768,7,norm_L2,norm,2,1.1,all,20000,0.0055,-1.3330740955552756e-13,0.0056,1.646508707153771e-13,0.00185,-1.0294876062744151e-14,0.0024,-8.62787175037738e-14,0.00975
run,768,7,norm_L2,norm,2,1.1,unplanted,19900,0.0015577889447236182,-0.019333035613274874,0.001708542713567839,-0.0193863552084652,0.0018592964824120603,0.00023174667558882524,0.002412060301507538,-0.00034585322745718473,0.005678391959798995
run,768,7,norm_L2,norm,2,1.1,planted,100,0.79,3.847274087015039,0.78,3.8578846865175045,0.0,-0.04611758844423547,0.0,0.06882479224672435,0.82
run,768,7,norm_L3,norm,3,1.2,all,20000,0.0054,-9.855654070634045e-14,0.00555,5.420304205472348e-14,0.00185,-3.3135449939436514e-14,0.0024,-8.627978331787744e-14,0.00925
run,768,7,norm_L3,norm,3,1.2,unplanted,19900,0.0004020100502512563,-0.03470284499176799,0.0005527638190954774,-0.03479090729349971,0.0018592964824120603,0.0002289051077758072,0.002412060301507538,-0.00034585322745718327,0.004271356783919598
run,768,7,norm_L3,norm,3,1.2,planted,100,1.0,6.905866153342121,1.0,6.923390551417282,0.0,-0.04555211645401276,0.0,0.06882479224672372,1.0
run,768,7,direction_L1,direction,1,5.0,all,20000,0.0022,-1.3964864820081857e-13,0.00295,-8.464553502562922e-14,0.0029,2.5454305330185888e-14,0.00315,-5.411173731317831e-14,0.00795
run,768,7,direction_L1,direction,1,5.0,unplanted,19900,0.0022110552763819095,-0.0003678255544959093,0.002864321608040201,-0.004713563476597052,0.001407035175879397,0.012894556161627335,0.0020100502512562816,-0.011613199515386419,0.00628140703517588
run,768,7,direction_L1,direction,1,5.0,planted,100,0.0,0.07319728531675646,0.02,0.9379991318258841,0.3,-2.566016676158749,0.23,2.3110267035510748,0.34
run,768,7,direction_L2,direction,2,10.0,all,20000,0.0022,-1.3965042455765798e-13,0.00345,-5.886882092909218e-14,0.00565,-3.184421615287647e-14,0.0059,-9.772307407729385e-14,0.01015
run,768,7,direction_L2,direction,2,10.0,unplanted,19900,0.0022110552763819095,-0.0003678255544959093,0.002763819095477387,-0.008885147018771815,0.0007537688442211055,0.024550652426438637,0.001407035175879397,-0.02224192833637207,0.0052261306532663315
run,768,7,direction_L2,direction,2,10.0,planted,100,0.0,0.07319728531675622,0.14,1.768144256723818,0.98,-4.885579832867657,0.9,4.426143738918497,0.99
run,768,7,direction_L3,direction,3,20.0,all,20000,0.0022,-1.396500692862901e-13,0.0053,-8.548077801151521e-14,0.0052,3.376001700416964e-14,0.0055,-4.04369870921073e-14,0.00865
run,768,7,direction_L3,direction,3,20.0,unplanted,19900,0.0022110552763819095,-0.0003678255544959093,0.0020603015075376886,-0.016685102482423476,0.00020100502512562814,0.04215134286563321,0.0005025125628140704,-0.03861242856450411,0.0036683417085427135
run,768,7,direction_L3,direction,3,20.0,planted,100,0.0,0.07319728531675618,0.65,3.3203353939851765,1.0,-8.388117230254258,1.0,7.683873284328231,1.0
run,768,8,nullA,,,,all,20000,0.00245,-2.206114402270032e-13,0.0025,-2.2522748110986867e-13,0.0022,-1.765965151889759e-15,0.00295,4.562739519542447e-13,0.00765
run,768,8,nullB,,,,all,20000,0.003,4.083915428054752e-14,0.0027,4.66787497543919e-14,0.0037,2.900435447372729e-14,0.00345,7.803926393989969e-14,0.0092
run,768,8,norm_L1,norm,1,1.05,all,20000,0.00345,3.763602762774099e-14,0.003,5.014513249079755e-14,0.0037,-1.5062084912642605e-14,0.00345,7.804281665357848e-14,0.00985
run,768,8,norm_L1,norm,1,1.05,unplanted,19900,0.002814070351758794,-0.009432032875759732,0.0023618090452261304,-0.009168087748015108,0.0037185929648241205,-0.0008275803891737848,0.0034673366834170856,0.0009029623638884875,0.008944723618090452
run,768,8,norm_L1,norm,1,1.05,planted,100,0.13,1.876974542283714,0.13,1.8244494618650362,0.0,0.1646884974425705,0.0,-0.17968951039820016,0.19
run,768,8,norm_L2,norm,2,1.1,all,20000,0.00585,3.3876190741466415e-14,0.00565,5.568487893015117e-14,0.0037,-1.4644108148331725e-14,0.00345,7.803855339716393e-14,0.0121
run,768,8,norm_L2,norm,2,1.1,unplanted,19900,0.0022110552763819095,-0.018621390845015604,0.001959798994974874,-0.018408779781055925,0.0037185929648241205,-0.0008291018496802268,0.0034673366834170856,0.0009029623638884855,0.008291457286432161
run,768,8,norm_L2,norm,2,1.1,planted,100,0.73,3.7056567781648813,0.74,3.663347176441265,0.0,0.16499126808343667,0.0,-0.17968951039820055,0.77
run,768,8,norm_L3,norm,3,1.2,all,20000,0.0057,1.7184476064358022e-14,0.0055,-5.932463409408228e-14,0.0037,-2.908038254645362e-14,0.00345,7.803961921126757e-14,0.0112
run,768,8,norm_L3,norm,3,1.2,unplanted,19900,0.0007035175879396985,-0.03406824384292176,0.0005025125628140704,-0.033999656498537055,0.0037185929648241205,-0.0008321424098800825,0.0034673366834170856,0.0009029623638884841,0.006231155778894473
run,768,8,norm_L3,norm,3,1.2,planted,100,1.0,6.779580524744867,1.0,6.765931643197008,0.0,0.16559633956032052,0.0,-0.17968951039819991,1.0
run,768,8,direction_L1,direction,1,5.0,all,20000,0.003,4.083702265234024e-14,0.00265,1.1269740696207009e-13,0.00475,-3.02805780449944e-14,0.00435,2.1979325026677544e-13,0.0104
run,768,8,direction_L1,direction,1,5.0,unplanted,19900,0.003015075376884422,0.0002705492511643069,0.0026633165829145727,-0.003709123211058219,0.0033165829145728643,0.011779472467407131,0.003417085427135678,-0.010501786837043583,0.008894472361809045
run,768,8,direction_L1,direction,1,5.0,planted,100,0.0,-0.0538393009735294,0.0,0.7381155190231248,0.29,-2.3441150210200745,0.19,2.089855580615631,0.31
run,768,8,direction_L2,direction,2,10.0,all,20000,0.003,4.0837733195076e-14,0.00255,-7.074092422953981e-14,0.0072,3.940288095805045e-14,0.0067,1.4774137468975824e-13,0.0121
run,768,8,direction_L2,direction,2,10.0,unplanted,19900,0.003015075376884422,0.0002705492511643069,0.002412060301507538,-0.007884937440882589,0.002462311557788945,0.0234941674017559,0.0022613065326633165,-0.02130262799671256,0.007386934673366834
run,768,8,direction_L2,direction,2,10.0,planted,100,0.0,-0.05383930097352954,0.03,1.5691025507214869,0.95,-4.675339312941543,0.89,4.239222971375346,0.95
run,768,8,direction_L3,direction,3,20.0,all,20000,0.003,4.083631210960448e-14,0.0051,3.75983688627457e-14,0.0052,5.544711356719745e-14,0.0055,1.3599699144606348e-13,0.0091
run,768,8,direction_L3,direction,3,20.0,unplanted,19900,0.003015075376884422,0.0002705492511643069,0.0021105527638190956,-0.015727180585179457,0.00020100502512562814,0.04138719819065934,0.0005025125628140704,-0.03799639134411392,0.004120603015075377
run,768,8,direction_L3,direction,3,20.0,planted,100,0.0,-0.05383930097352935,0.6,3.1297089364582327,1.0,-8.23605243993012,1.0,7.56128187750587,1.0
run,768,9,nullA,,,,all,20000,0.0029,-1.3866952031094115e-14,0.0027,1.0190994714776024e-13,0.0023,9.336531547887716e-16,0.00335,-6.228727755797081e-13,0.00855
run,768,9,nullB,,,,all,20000,0.00295,1.3865459891349019e-13,0.00255,-6.923528417246416e-14,0.0027,-2.925126807440392e-14,0.00265,-1.7201564617153054e-13,0.008
run,768,9,norm_L1,norm,1,1.05,all,20000,0.0034,1.4096848133249295e-13,0.00285,8.19728285250676e-14,0.0027,5.881872766622109e-15,0.00265,-1.7201919888520934e-13,0.0083
run,768,9,norm_L1,norm,1,1.05,unplanted,19900,0.0026633165829145727,-0.009588114138575184,0.0023115577889447235,-0.009749137510010816,0.0027135678391959797,0.0005061696662273899,0.0026633165829145727,-0.00018691647298331974,0.007537688442211055
run,768,9,norm_L1,norm,1,1.05,planted,100,0.15,1.9080347136046556,0.11,1.9400783645085478,0.0,-0.10072776357807403,0.0,0.03719637808927693,0.16
run,768,9,norm_L2,norm,2,1.1,all,20000,0.0059,1.3117826824782242e-13,0.00585,-8.884271096576413e-14,0.0027,-3.9527492390334375e-15,0.00265,-1.7201671198563417e-13,0.01075
run,768,9,norm_L2,norm,2,1.1,unplanted,19900,0.0018592964824120603,-0.018831060267125898,0.0018592964824120603,-0.01899743610351168,0.0027135678391959797,0.0005047309424530157,0.0026633165829145727,-0.0001869164729833176,0.0066331658291457285
run,768,9,norm_L2,norm,2,1.1,planted,100,0.81,3.747380993184289,0.8,3.780489784581056,0.0,-0.10044145754894013,0.0,0.037196378089277185,0.83
run,768,9,norm_L3,norm,3,1.2,all,20000,0.0057,1.2964207485310908e-13,0.0055,2.716863178875428e-13,0.0027,-2.608970817163936e-14,0.00265,-1.720163567142663e-13,0.00985
run,768,9,norm_L3,norm,3,1.2,unplanted,19900,0.0007035175879396985,-0.034323721511819116,0.0005025125628140704,-0.03451936404241612,0.0027135678391959797,0.000501855594113213,0.0026633165829145727,-0.0001869164729833169,0.004874371859296483
run,768,9,norm_L3,norm,3,1.2,planted,100,1.0,6.830420580877934,1.0,6.869353444495147,0.0,-0.0998692632337475,0.0,0.03719637808927708,1.0
run,768,9,direction_L1,direction,1,5.0,all,20000,0.00295,1.3865744108443322e-13,0.0026,8.221334724112239e-15,0.00355,5.345768272491114e-14,0.00355,-1.3397354337030265e-13,0.0088
run,768,9,direction_L1,direction,1,5.0,unplanted,19900,0.002964824120603015,0.00018353073928585202,0.0025628140703517588,-0.004274668831853667,0.001959798994974874,0.013122915597652845,0.0022613065326633165,-0.011533154252419851,0.007035175879396985
run,768,9,direction_L1,direction,1,5.0,planted,100,0.0,-0.03652261709015272,0.01,0.8506590975405244,0.32,-2.611460203922226,0.26,2.295097696204756,0.36
run,768,9,direction_L2,direction,2,10.0,all,20000,0.00295,1.386563752703296e-13,0.0028,9.860467997668821e-14,0.0061,-1.0179235232499196e-14,0.0059,-1.444526276372926e-13,0.0106
run,768,9,direction_L2,direction,2,10.0,unplanted,19900,0.002964824120603015,0.00018353073928585202,0.0023618090452261304,-0.00846804748570673,0.001256281407035176,0.024719748269773436,0.001206030150753769,-0.022208005982281825,0.005778894472361809
run,768,9,direction_L2,direction,2,10.0,planted,100,0.0,-0.03652261709015295,0.09,1.6851414496753592,0.97,-4.91922990568695,0.94,4.4193931904451915,0.97
run,768,9,direction_L3,direction,3,20.0,all,20000,0.00295,1.386563752703296e-13,0.00505,-6.832898691300216e-14,0.00515,-2.6490454274608056e-14,0.00535,-1.2518768244262902e-13,0.009
run,768,9,direction_L3,direction,3,20.0,unplanted,19900,0.002964824120603015,0.00018353073928585202,0.0020603015075376886,-0.016317078161177945,0.00015075376884422112,0.04221769871022472,0.00035175879396984926,-0.0385704718191065,0.004020100502512563
run,768,9,direction_L3,direction,3,20.0,planted,100,0.0,-0.03652261709015291,0.6,3.247098554060745,1.0,-8.40132204334002,1.0,7.675523891977155,1.0
run,768,10,nullA,,,,all,20000,0.0021,-1.855699593988902e-13,0.0021,-7.347331631990528e-14,0.0027,1.8545165403338616e-15,0.0037,3.3445957114963674e-13,0.0085
run,768,10,nullB,,,,all,20000,0.0023,6.269953445325882e-14,0.0025,-1.226183599101205e-13,0.00285,5.966604987861502e-15,0.00275,-4.649882257012905e-13,0.008
run,768,10,norm_L1,norm,1,1.05,all,20000,0.00295,4.9171511307122274e-14,0.00315,1.3462599923741436e-13,0.00285,2.196838266854684e-14,0.00275,-4.649958640357e-13,0.0085
run,768,10,norm_L1,norm,1,1.05,unplanted,19900,0.001959798994974874,-0.009906382881086131,0.0022613065326633165,-0.009800979894590077,0.002864321608040201,-0.00024389998183842662,0.002763819095477387,0.00027611046737261596,0.007437185929648241
run,768,10,norm_L1,norm,1,1.05,planted,100,0.2,1.971370193345974,0.18,1.9503949990503497,0.0,0.04853609639024095,0.0,-0.0549459831001502,0.22
run,768,10,norm_L2,norm,2,1.1,all,20000,0.0053,4.9484327746540655e-14,0.00565,-6.383906736573408e-14,0.00285,4.5996983999430084e-15,0.00275,-4.649901796938139e-13,0.01075
run,768,10,norm_L2,norm,2,1.1,unplanted,19900,0.0015577889447236182,-0.019163801949016068,0.0017587939698492463,-0.019066066674725275,0.002864321608040201,-0.0002454057768396553,0.002763819095477387,0.0002761104673726194,0.0067839195979899495
run,768,10,norm_L2,norm,2,1.1,planted,100,0.75,3.813596587864095,0.78,3.794147268257561,0.0,0.0488357495920117,0.0,-0.05494598310014954,0.8
run,768,10,norm_L3,norm,3,1.2,all,20000,0.00555,7.791260969725045e-14,0.00565,-2.3994495279566763e-13,0.00285,-3.8455993944808145e-14,0.00275,-4.649864493444511e-13,0.0102
run,768,10,norm_L3,norm,3,1.2,unplanted,19900,0.0005527638190954774,-0.03462892351554419,0.0006532663316582914,-0.03459883633826889,0.002864321608040201,-0.00024841509694457854,0.002763819095477387,0.0002761104673726224,0.0052261306532663315
run,768,10,norm_L3,norm,3,1.2,planted,100,1.0,6.891155779608876,1.0,6.885168431267523,0.0,0.04943460428428022,0.0,-0.05494598310014941,1.0
run,768,10,direction_L1,direction,1,5.0,all,20000,0.0023,6.270113317441429e-14,0.0025,1.044172748265737e-13,0.0037,-9.468692496739095e-15,0.0033,-4.676030229688877e-13,0.0089
run,768,10,direction_L1,direction,1,5.0,unplanted,19900,0.0023115577889447235,-9.824588948026001e-05,0.002412060301507538,-0.004312421475946493,0.002462311557788945,0.012411951929507711,0.002512562814070352,-0.011115055696253666,0.007487437185929648
run,768,10,direction_L1,direction,1,5.0,planted,100,0.0,0.01955093201911154,0.02,0.8581718737342363,0.25,-2.4699784339739277,0.16,2.2118960834609593,0.29
run,768,10,direction_L2,direction,2,10.0,all,20000,0.0023,6.270095553873034e-14,0.0027,-1.5278232012860825e-13,0.0066,-4.038085421598225e-14,0.00635,-3.8896992293757647e-13,0.01085
run,768,10,direction_L2,direction,2,10.0,unplanted,19900,0.0023115577889447235,-9.824588948025894e-05,0.0022613065326633165,-0.008516069853117241,0.0017587939698492463,0.02410926942350873,0.0016582914572864321,-0.021888216643534967,0.006030150753768844
run,768,10,direction_L2,direction,2,10.0,planted,100,0.0,0.019550932019111688,0.09,1.6946979007397747,0.97,-4.797744615286313,0.94,4.3557551119856655,0.97
run,768,10,direction_L3,direction,3,20.0,all,20000,0.0023,6.270148844578216e-14,0.0049,4.8769699390049934e-14,0.0053,3.290168137937144e-15,0.0055,-3.762018252473354e-13,0.0088
run,768,10,direction_L3,direction,3,20.0,unplanted,19900,0.0023115577889447235,-9.824588948026001e-05,0.0019095477386934674,-0.016386995216404455,0.00030150753768844223,0.04185133508751303,0.0005025125628140704,-0.03836841592119451,0.003819095477386935
run,768,10,direction_L3,direction,3,20.0,planted,100,0.0,0.019550932019111764,0.6,3.2610120480742415,1.0,-8.328415682414436,1.0,7.635314768242469,1.0
run,768,11,nullA,,,,all,20000,0.00245,-1.1089262841323944e-14,0.00235,-1.2690843931295604e-13,0.0024,2.34301467116893e-16,0.00305,9.97909133104713e-13,0.00785
run,768,11,nullB,,,,all,20000,0.0026,1.9383357141578017e-13,0.00245,5.364668709262332e-14,0.0024,-3.9769076920492806e-15,0.0027,-4.142371778925735e-13,0.0075
run,768,11,norm_L1,norm,1,1.05,all,20000,0.003,1.7973320609598887e-13,0.00285,3.840376905372977e-14,0.0024,1.5987211554602253e-17,0.0027,-4.1424215169172384e-13,0.008
run,768,11,norm_L1,norm,1,1.05,unplanted,19900,0.002412060301507538,-0.009400864661743646,0.0023115577889447235,-0.009543398831200799,0.002412060301507538,0.00048587320268388004,0.0026633165829145727,-0.00031327042486542717,0.00728643216080402
run,768,11,norm_L1,norm,1,1.05,planted,100,0.12,1.870772067722932,0.11,1.8991363674166393,0.0,-0.09668876733408865,0.01,0.06234081446537123,0.15
run,768,11,norm_L2,norm,2,1.1,all,20000,0.0055,1.5822152477085184e-13,0.0058,-1.6548540315852735e-14,0.0024,-7.884537467361952e-15,0.0027,-4.142400200635166e-13,0.01045
run,768,11,norm_L2,norm,2,1.1,unplanted,19900,0.0017587939698492463,-0.01859224520168418,0.0018090452261306533,-0.018731084309264817,0.002412060301507538,0.00048441220913914473,0.0026633165829145727,-0.00031327042486542516,0.006432160804020101
run,768,11,norm_L2,norm,2,1.1,planted,100,0.75,3.699856795166797,0.8,3.7274857775403882,0.0,-0.09639802962026643,0.01,0.062340814465371736,0.81
run,768,11,norm_L3,norm,3,1.2,all,20000,0.0056,1.5606058667572142e-13,0.0054,3.6426328620109416e-14,0.0024,-2.55262477821816e-15,0.0027,-4.1424428331993114e-13,0.00965
run,768,11,norm_L3,norm,3,1.2,unplanted,19900,0.0006030150753768845,-0.03404565588355805,0.0004020100502512563,-0.0342054065020488,0.002412060301507538,0.000481492359108547,0.0026633165829145727,-0.0003132704248654286,0.004673366834170854
run,768,11,norm_L3,norm,3,1.2,planted,100,1.0,6.775085520859265,1.0,6.806875893914997,0.0,-0.09581697946311091,0.01,0.06234081446537135,1.0
run,768,11,direction_L1,direction,1,5.0,all,20000,0.0026,1.9383321614441228e-13,0.0025,1.4920722435363132e-13,0.00375,-1.1260681276326068e-14,0.00355,-3.402384152195737e-13,0.0087
run,768,11,direction_L1,direction,1,5.0,unplanted,19900,0.0026130653266331657,0.00030218972964967056,0.002412060301507538,-0.004111389334871604,0.0020100502512562816,0.01306964769253918,0.0022110552763819095,-0.01168054165357119,0.0067336683417085425
run,768,11,direction_L1,direction,1,5.0,planted,100,0.0,-0.06013575616151778,0.02,0.8181664776692912,0.35,-2.6008598908175493,0.27,2.324427788992618,0.4
run,768,11,direction_L2,direction,2,10.0,all,20000,0.0026,1.9383534777261958e-13,0.00265,-2.6771473926601174e-14,0.006,-5.4101434443509786e-14,0.00605,-2.823142608576745e-13,0.0103
run,768,11,direction_L2,direction,2,10.0,unplanted,19900,0.0026130653266331657,0.00030218972964967056,0.0023115577889447235,-0.008270316252583808,0.0010552763819095478,0.02464353925682347,0.001407035175879397,-0.022399102522732414,0.005376884422110552
run,768,11,direction_L2,direction,2,10.0,planted,100,0.0,-0.06013575616151758,0.07,1.6457929342588236,0.99,-4.904064312118691,0.93,4.457421401967289,0.99
run,768,11,direction_L3,direction,3,20.0,all,20000,0.0026,1.9383321614441228e-13,0.0048,1.1199112748272455e-13,0.00515,1.425046747272063e-14,0.00535,-2.557889899890142e-13,0.0087
run,768,11,direction_L3,direction,3,20.0,unplanted,19900,0.0026130653266331657,0.00030218972964967056,0.001959798994974874,-0.01606301653859208,0.00015075376884422112,0.04213155818347847,0.00035175879396984926,-0.038705325984716266,0.0037185929648241205
run,768,11,direction_L3,direction,3,20.0,planted,100,0.0,-0.06013575616151771,0.57,3.196540291202223,1.0,-8.384180078509365,1.0,7.702359870907378,1.0
run,768,12,nullA,,,,all,20000,0.00265,2.8332536317066114e-14,0.00265,-8.964029518665484e-14,0.00215,-1.1972645097557689e-15,0.0039,9.259508715331322e-13,0.00865
run,768,12,nullB,,,,all,20000,0.00255,-1.044057285071176e-13,0.00255,1.2487078038248001e-14,0.003,-2.8350655156828e-14,0.00305,-1.8079404640047868e-14,0.00835
run,768,12,norm_L1,norm,1,1.05,all,20000,0.00295,-1.0318643717255327e-13,0.0025,1.2926335557494894e-13,0.003,3.392770508980902e-14,0.00305,-1.808011518278363e-14,0.0085
run,768,12,norm_L1,norm,1,1.05,unplanted,19900,0.0023618090452261304,-0.009462577212794506,0.0020100502512562816,-0.009229820862341918,0.003015075376884422,-0.0007122709657397442,0.003065326633165829,0.0006468077636837243,0.007889447236180904
run,768,12,norm_L1,norm,1,1.05,planted,100,0.12,1.8830528653254697,0.1,1.836734351631895,0.0,0.14174192218899387,0.0,-0.12871474497667704,0.13
run,768,12,norm_L2,norm,2,1.1,all,20000,0.00585,-1.331535770532355e-13,0.00525,2.631281859066803e-14,0.003,1.8985701899509878e-14,0.00305,-1.807869409731211e-14,0.01125
run,768,12,norm_L2,norm,2,1.1,unplanted,19900,0.0019095477386934674,-0.018669285620675286,0.001507537688442211,-0.01848162563032328,0.003015075376884422,-0.0007137292411217455,0.003065326633165829,0.0006468077636837249,0.007236180904522613
run,768,12,norm_L2,norm,2,1.1,planted,100,0.79,3.715187838487751,0.75,3.6778435004395953,0.0,0.14203211898702484,0.0,-0.12871474497667715,0.81
run,768,12,norm_L3,norm,3,1.2,all,20000,0.00545,-1.1192469173693099e-13,0.00545,9.70082680851192e-14,0.003,-4.135358722123783e-16,0.00305,-1.808118099688727e-14,0.01025
run,768,12,norm_L3,norm,3,1.2,unplanted,19900,0.0004522613065326633,-0.03413484306257213,0.0004522613065326633,-0.03407902200219735,0.003015075376884422,-0.0007166435405775871,0.003065326633165829,0.0006468077636837211,0.0052763819095477385
run,768,12,norm_L3,norm,3,1.2,planted,100,1.0,6.79283376942947,1.0,6.781725378456674,0.0,0.14261206457485687,0.0,-0.12871474497667676,1.0
run,768,12,direction_L1,direction,1,5.0,all,20000,0.00255,-1.0440501796438184e-13,0.00255,8.489138281220221e-14,0.0041,2.5502089329165757e-14,0.00355,5.83217030225569e-14,0.0093
run,768,12,direction_L1,direction,1,5.0,unplanted,19900,0.0025628140703517588,0.00026064053929937043,0.002512562814070352,-0.003765193360037187,0.0026633165829145727,0.011787940309331564,0.0026130653266331657,-0.010673541007188689,0.007839195979899497
run,768,12,direction_L1,direction,1,5.0,planted,100,0.0,-0.0518674673414559,0.01,0.7492734786643791,0.29,-2.345800121551881,0.19,2.1240346604422142,0.3
run,768,12,direction_L2,direction,2,10.0,all,20000,0.00255,-1.044057285071176e-13,0.00235,-1.0203038414147159e-14,0.0065,5.959819304734993e-14,0.0063,6.502105520667101e-14,0.01115
run,768,12,direction_L2,direction,2,10.0,unplanted,19900,0.0025628140703517588,0.00026064053929937043,0.0021105527638190956,-0.007949801618366,0.0016582914572864321,0.023410325012437797,0.0019095477386934674,-0.021357255111657238,0.00628140703517588
run,768,12,direction_L2,direction,2,10.0,planted,100,0.0,-0.05186746734145612,0.05,1.5820105220527938,0.97,-4.658654677463203,0.88,4.250093767232795,0.98
run,768,12,direction_L3,direction,3,20.0,all,20000,0.00255,-1.0440643904985336e-13,0.0043,2.3171899954377296e-13,0.00525,-2.3234747459355276e-16,0.0052,2.3775115209900832e-14,0.00855
run,768,12,direction_L3,direction,3,20.0,unplanted,19900,0.0025628140703517588,0.00026064053929937043,0.0016080402010050252,-0.01580552996886195,0.0002512562814070352,0.0412151862518455,0.00020100502512562814,-0.03800574794301761,0.0035678391959798996
run,768,12,direction_L3,direction,3,20.0,planted,100,0.0,-0.05186746734145612,0.54,3.1453004638498716,1.0,-8.201822064117302,1.0,7.563143840665259,1.0
run,768,13,nullA,,,,all,20000,0.0024,-1.5982521972546238e-13,0.00245,1.2230714219185757e-13,0.0026,1.092459456231154e-16,0.0035,-5.992244922481404e-13,0.0085
run,768,13,nullB,,,,all,20000,0.0026,-7.819238589945598e-14,0.00305,-3.0379254667423082e-15,0.00295,-1.4497913980449084e-14,0.0024,-1.292036699851451e-13,0.00835
run,768,13,norm_L1,norm,1,1.05,all,20000,0.00295,-8.311538124416984e-14,0.00335,-3.515765456540976e-14,0.00295,-9.50137746258406e-15,0.0024,-1.2920224889967357e-13,0.00885
run,768,13,norm_L1,norm,1,1.05,unplanted,19900,0.0023115577889447235,-0.008770804802409136,0.002763819095477387,-0.00869164439989806,0.002964824120603015,-0.0002540144465000418,0.002412060301507538,8.105669533641268e-05,0.008040201005025126
run,768,13,norm_L1,norm,1,1.05,planted,100,0.13,1.7453901556627942,0.12,1.7296372355726826,0.0,0.050548874851607285,0.0,-0.016130282397786976,0.17
run,768,13,norm_L2,norm,2,1.1,all,20000,0.0052,-6.286136056132818e-14,0.00545,2.17688622683454e-13,0.00295,-1.9625190361693967e-15,0.0024,-1.292015383569378e-13,0.01065
run,768,13,norm_L2,norm,2,1.1,unplanted,19900,0.0015577889447236182,-0.017971168121981462,0.0020100502512562816,-0.01792594845235939,0.002964824120603015,-0.0002554845628645292,0.002412060301507538,8.10566953364134e-05,0.0067839195979899495
run,768,13,norm_L2,norm,2,1.1,planted,100,0.73,3.576262456261739,0.69,3.567263742063056,0.0,0.050841428009648124,0.0,-0.01613028239778686,0.78
run,768,13,norm_L3,norm,3,1.2,all,20000,0.00545,-4.13862721870828e-14,0.00575,-2.2057733417568671e-13,0.00295,4.260840569259017e-14,0.0024,-1.2920864378429542e-13,0.01015
run,768,13,norm_L3,norm,3,1.2,unplanted,19900,0.0004522613065326633,-0.03351934840565824,0.0007537688442211055,-0.0335725338850664,0.002964824120603015,-0.00025842258513864117,0.002412060301507538,8.105669533640875e-05,0.0051758793969849245
run,768,13,norm_L3,norm,3,1.2,planted,100,1.0,6.670350332717714,1.0,6.680934243084097,0.0,0.05142609445111054,0.0,-0.01613028239778748,1.0
run,768,13,direction_L1,direction,1,5.0,all,20000,0.0026,-7.819132008535235e-14,0.00295,-1.086387868554084e-13,0.00375,5.660893975800718e-15,0.00325,-1.6016734605273087e-13,0.00915
run,768,13,direction_L1,direction,1,5.0,unplanted,19900,0.0026130653266331657,0.0009054846815034665,0.002964824120603015,-0.0032801816639879927,0.002412060301507538,0.01229209851860619,0.0021105527638190956,-0.011172065229292425,0.007587939698492462
run,768,13,direction_L1,direction,1,5.0,planted,100,0.0,-0.1801914516348278,0.0,0.6527561511118829,0.27,-2.4461276052014997,0.23,2.2232409805971596,0.32
run,768,13,direction_L2,direction,2,10.0,all,20000,0.0026,-7.819060954261659e-14,0.0032,-3.4725999853435495e-14,0.0065,-4.7464787655826516e-14,0.006,-1.376466940428145e-13,0.0114
run,768,13,direction_L2,direction,2,10.0,unplanted,19900,0.0026130653266331657,0.0009054846815034665,0.002914572864321608,-0.007471279438785351,0.0016582914572864321,0.023907497353244374,0.0013065326633165829,-0.02181457698474201,0.006532663316582915
run,768,13,direction_L2,direction,2,10.0,planted,100,0.0,-0.18019145163482775,0.06,1.4867846083113399,0.97,-4.757591973305124,0.94,4.3411008199361305,0.98
run,768,13,direction_L3,direction,3,20.0,all,20000,0.0026,-7.818989899988083e-14,0.00495,9.023608527058968e-14,0.0051,4.4514436581266637e-14,0.0054,-1.1042899927815596e-13,0.00905
run,768,13,direction_L3,direction,3,20.0,unplanted,19900,0.0026130653266331657,0.0009054846815034665,0.0021608040201005025,-0.015349457196850025,0.00010050251256281407,0.04160044596284379,0.0004020100502512563,-0.03819113754277519,0.00407035175879397
run,768,13,direction_L3,direction,3,20.0,planted,100,0.0,-0.18019145163482755,0.56,3.054541982191203,1.0,-8.278488746597013,1.0,7.600036370990178,1.0
run,768,14,nullA,,,,all,20000,0.00265,1.167272500879335e-13,0.00265,-2.0810375644941813e-14,0.00305,-1.1999290450148692e-16,0.00375,7.81177078579276e-13,0.00945
run,768,14,nullB,,,,all,20000,0.0029,2.649215957717388e-13,0.0027,2.5875372955397325e-13,0.0025,2.4724222669192386e-14,0.0025,-1.6052492668450215e-13,0.00775
run,768,14,norm_L1,norm,1,1.05,all,20000,0.00315,2.4709780888088063e-13,0.0031,5.256630686290009e-14,0.0025,-1.2916956393382862e-14,0.0025,-1.6051480145051756e-13,0.00795
run,768,14,norm_L1,norm,1,1.05,unplanted,19900,0.002462311557788945,-0.009532525239040274,0.002462311557788945,-0.009322870700141218,0.002512562814070352,-0.0006643030457879712,0.002512562814070352,0.0007059025091397006,0.007185929648241206
run,768,14,norm_L1,norm,1,1.05,planted,100,0.14,1.8969725226184344,0.13,1.855251269338616,0.0,0.13219630610922362,0.0,-0.14047459935090317,0.16
run,768,14,norm_L2,norm,2,1.1,all,20000,0.00555,2.395772469299118e-13,0.0059,-1.5983676604491846e-13,0.0025,-1.5635137629033125e-14,0.0025,-1.6051693307872483e-13,0.01045
run,768,14,norm_L2,norm,2,1.1,unplanted,19900,0.0017587939698492463,-0.01865835355124273,0.001959798994974874,-0.018496179907782732,0.002512562814070352,-0.0006657834264619243,0.002512562814070352,0.0007059025091397009,0.006331658291457287
run,768,14,norm_L2,norm,2,1.1,planted,100,0.76,3.713012356745218,0.79,3.6807398016167965,0.0,0.13249090186279555,0.0,-0.14047459935090367,0.83
run,768,14,norm_L3,norm,3,1.2,all,20000,0.00565,2.2027499824162078e-13,0.0056,-8.394867023753249e-14,0.0025,1.5338130765485404e-14,0.0025,-1.6051799889282848e-13,0.00985
run,768,14,norm_L3,norm,3,1.2,unplanted,19900,0.0006532663316582914,-0.03401044609594349,0.0006030150753768845,-0.033980148254308284,0.002512562814070352,-0.0006687419053046285,0.002512562814070352,0.0007059025091396999,0.004874371859296483
run,768,14,norm_L3,norm,3,1.2,planted,100,1.0,6.768078773136811,1.0,6.76204950259056,0.0,0.13307963915868848,0.0,-0.1404745993509035,1.0
run,768,14,direction_L1,direction,1,5.0,all,20000,0.0029,2.6492266158584245e-13,0.00275,1.4566836625817814e-14,0.0037,-4.141078591146652e-14,0.00305,-1.280820782767478e-13,0.00875
run,768,14,direction_L1,direction,1,5.0,unplanted,19900,0.002864321608040201,0.00010600233538940507,0.0027135678391959797,-0.0039025108572391808,0.0021608040201005025,0.011877596210381253,0.0021608040201005025,-0.010616040202575528,0.007035175879396985
run,768,14,direction_L1,direction,1,5.0,planted,100,0.01,-0.021094464689507406,0.01,0.7765996605935105,0.31,-2.363641645874152,0.18,2.112592000286914,0.35
run,768,14,direction_L2,direction,2,10.0,all,20000,0.0029,2.6492195104310667e-13,0.00275,-1.6430323768190647e-13,0.0059,2.731201931283067e-14,0.00565,-2.0182433502213826e-13,0.01045
run,768,14,direction_L2,direction,2,10.0,unplanted,19900,0.002864321608040201,0.00010600233538940507,0.002512562814070352,-0.008050422804749343,0.0010552763819095478,0.02352738914648786,0.0013065326633165829,-0.02134947074101652,0.005577889447236181
run,768,14,direction_L2,direction,2,10.0,planted,100,0.01,-0.02109446468950769,0.05,1.6020341381122585,0.97,-4.681950440145622,0.87,4.248544677421924,0.98
run,768,14,direction_L3,direction,3,20.0,all,20000,0.0029,2.6492088522900305e-13,0.0049,-1.6064163332885073e-13,0.0052,-3.09150038901862e-14,0.0055,-1.6308057126934728e-13,0.00885
run,768,14,direction_L3,direction,3,20.0,unplanted,19900,0.002864321608040201,0.00010600233538940507,0.001959798994974874,-0.015836668004324914,0.00020100502512562814,0.04133938863601681,0.0005025125628140704,-0.03792393240246245,0.003869346733668342
run,768,14,direction_L3,direction,3,20.0,planted,100,0.01,-0.021094464689507646,0.59,3.1514969328285285,1.0,-8.226538338573528,1.0,7.546862548057412,1.0
run,768,15,nullA,,,,all,20000,0.00275,1.0745559997360488e-13,0.00275,5.61231505713522e-14,0.00275,8.284928298962768e-16,0.00435,1.3733313153352356e-12,0.0098
run,768,15,nullB,,,,all,20000,0.0033,-3.092747391519879e-13,0.00265,-1.5906138628452026e-13,0.0026,1.8612666963235826e-15,0.0026,-2.2808421817899214e-16,0.0084
run,768,15,norm_L1,norm,1,1.05,all,20000,0.0038,-3.159129846608266e-13,0.00315,-2.4429880340903763e-13,0.0026,3.3092817375290906e-14,0.0026,-2.2879476091475226e-16,0.009
run,768,15,norm_L1,norm,1,1.05,unplanted,19900,0.002964824120603015,-0.009940054735197715,0.002412060301507538,-0.009837448447361966,0.0026130653266331657,-0.0002973862507212522,0.0026130653266331657,0.00011338833956044329,0.008090452261306533
run,768,15,norm_L1,norm,1,1.05,planted,100,0.17,1.9780708922411632,0.15,1.9576522409761714,0.0,0.05917986390014771,0.0,-0.02256427957257363,0.19
run,768,15,norm_L2,norm,2,1.1,all,20000,0.0058,-2.978497448680173e-13,0.0055,-3.907096868260851e-14,0.0026,4.4489922856882914e-14,0.0026,-2.291500322826323e-16,0.01085
run,768,15,norm_L2,norm,2,1.1,unplanted,19900,0.0020603015075376886,-0.019123003597782035,0.0020100502512562816,-0.019046133933034746,0.0026130653266331657,-0.0002988308128941913,0.0026130653266331657,0.00011338833956044115,0.007085427135678392
run,768,15,norm_L2,norm,2,1.1,planted,100,0.75,3.8054777158990563,0.7,3.790180652666101,0.0,0.059467331774841765,0.0,-0.022564279572573266,0.76
run,768,15,norm_L3,norm,3,1.2,all,20000,0.0058,-2.48980391859277e-13,0.0055,3.531201997475364e-14,0.0026,-2.2734170102012285e-14,0.0026,-2.3092638912203257e-16,0.0101
run,768,15,norm_L3,norm,3,1.2,unplanted,19900,0.0008040201005025126,-0.034491394550488566,0.0005025125628140704,-0.03450307752690607,0.0026130653266331657,-0.0003017177597862625,0.0026130653266331657,0.00011338833956044204,0.0051256281407035175
run,768,15,norm_L3,norm,3,1.2,planted,100,1.0,6.86378751549743,1.0,6.86611242786137,0.0,0.06004183419291932,0.0,-0.02256427957257364,1.0
run,768,15,direction_L1,direction,1,5.0,all,20000,0.0033,-3.092729627951485e-13,0.00265,-5.0101078841180424e-14,0.0036,1.9889156988028845e-14,0.0032,6.818368092353921e-14,0.00905
run,768,15,direction_L1,direction,1,5.0,unplanted,19900,0.0032663316582914573,-0.00021328058571163752,0.002512562814070352,-0.004374842825985557,0.0020603015075376886,0.012317474410749606,0.0022110552763819095,-0.011079401496446891,0.007437185929648241
run,768,15,direction_L1,direction,1,5.0,planted,100,0.01,0.04244283649476116,0.03,0.8705937223611057,0.31,-2.4511774077351935,0.2,2.204800897806569,0.33
run,768,15,direction_L2,direction,2,10.0,all,20000,0.0033,-3.092740286092521e-13,0.00305,4.7560178018102306e-15,0.006,-4.562501487725967e-14,0.006,9.81621894879936e-14,0.0109
run,768,15,direction_L2,direction,2,10.0,unplanted,19900,0.0032663316582914573,-0.00021328058571163752,0.002462311557788945,-0.008544744476286609,0.0011557788944723617,0.023988498713553436,0.001407035175879397,-0.021631869674117836,0.006080402010050251
run,768,15,direction_L2,direction,2,10.0,planted,100,0.01,0.042442836494761105,0.12,1.7004041507819863,0.97,-4.773711244006259,0.92,4.304742065169083,0.97
run,768,15,direction_L3,direction,3,20.0,all,20000,0.0033,-3.092740286092521e-13,0.0051,-1.3019949562931288e-13,0.0052,1.1510969954997563e-14,0.00545,8.096954218217434e-14,0.00925
run,768,15,direction_L3,direction,3,20.0,unplanted,19900,0.0032663316582914573,-0.00021328058571163752,0.0021105527638190956,-0.016354598145657914,0.00020100502512562814,0.04172613497572659,0.0004522613065326633,-0.038040574704963144,0.004271356783919598
run,768,15,direction_L3,direction,3,20.0,planted,100,0.01,0.042442836494761035,0.6,3.2545650309598853,1.0,-8.303500860167288,1.0,7.57007436630386,1.0
run,768,16,nullA,,,,all,20000,0.00275,-4.15411705034785e-14,0.0026,-2.7180533379578264e-13,0.00275,-8.164136033883551e-16,0.00305,2.8756161896126287e-13,0.00855
run,768,16,nullB,,,,all,20000,0.00205,-2.1496049384950312e-14,0.0024,1.195697763023418e-13,0.0029,1.2379075542412465e-14,0.0025,-2.2683614986362955e-13,0.00745
run,768,16,norm_L1,norm,1,1.05,all,20000,0.00245,-2.9224622721812924e-14,0.00275,2.9061197892588097e-14,0.0029,-5.808296066334151e-14,0.0025,-2.2683721567773317e-13,0.00785
run,768,16,norm_L1,norm,1,1.05,unplanted,19900,0.0018592964824120603,-0.009070320696832362,0.0021105527638190956,-0.009296127573140805,0.002914572864321608,0.0006623023076505267,0.002512562814070352,-0.0006623133690562,0.007135678391959799
run,768,16,norm_L1,norm,1,1.05,planted,100,0.12,1.8049938186637962,0.13,1.8499293870608327,0.0,-0.1317981592340712,0.0,0.13180036039681634,0.15
run,768,16,norm_L2,norm,2,1.1,all,20000,0.005,-1.7181633893414982e-14,0.00495,4.566302891362284e-15,0.0029,1.0302159125785692e-14,0.0025,-2.2683970257730834e-13,0.01015
run,768,16,norm_L2,norm,2,1.1,unplanted,19900,0.001407035175879397,-0.01832899154692373,0.0013567839195979898,-0.01856226891800095,0.002914572864321608,0.0006610271273134934,0.002512562814070352,-0.0006623133690562057,0.00628140703517588
run,768,16,norm_L2,norm,2,1.1,planted,100,0.72,3.6474693178343864,0.72,3.6938915146831026,0.0,-0.13154439833332543,0.0,0.13180036039681656,0.78
run,768,16,norm_L3,norm,3,1.2,all,20000,0.0053,-4.256293095750152e-14,0.00535,-3.640217016709357e-14,0.0029,1.5329959524024163e-14,0.0025,-2.2683259714995075e-13,0.00965
run,768,16,norm_L3,norm,3,1.2,unplanted,19900,0.00030150753768844223,-0.033908268192120276,0.00035175879396984926,-0.03416510168415834,0.002914572864321608,0.0006584786135078014,0.002512562814070352,-0.0006623133690561996,0.004673366834170854
run,768,16,norm_L3,norm,3,1.2,planted,100,1.0,6.747745370223422,1.0,6.7988552351402305,0.0,-0.13103724408498654,0.0,0.13180036039681706,1.0
run,768,16,direction_L1,direction,1,5.0,all,20000,0.00205,-2.149391775674303e-14,0.00255,4.5705661477768445e-14,0.004,-3.5790748142972004e-14,0.0032,-3.17286108497683e-13,0.00845
run,768,16,direction_L1,direction,1,5.0,unplanted,19900,0.0020603015075376886,0.0006891759696346393,0.002412060301507538,-0.003829753976475754,0.0022613065326633165,0.0130385801671631,0.0021105527638190956,-0.011919977684755067,0.0066331658291457285
run,768,16,direction_L1,direction,1,5.0,planted,100,0.0,-0.13714601796159212,0.03,0.7621210413278164,0.35,-2.594677453272615,0.22,2.3720755592028007,0.37
run,768,16,direction_L2,direction,2,10.0,all,20000,0.00205,-2.1494628299478792e-14,0.0027,5.770957045569958e-14,0.00615,-2.4842350399012502e-14,0.00625,-3.895930689168381e-13,0.0103
run,768,16,direction_L2,direction,2,10.0,unplanted,19900,0.0020603015075376886,0.0006891759696346393,0.0022110552763819095,-0.008029328900058601,0.001407035175879397,0.0244403964983837,0.001457286432160804,-0.022504657497574885,0.005477386934673367
run,768,16,direction_L2,direction,2,10.0,planted,100,0.0,-0.13714601796159195,0.1,1.5978364511232035,0.95,-4.863638903183325,0.96,4.478426841939483,0.97
run,768,16,direction_L3,direction,3,20.0,all,20000,0.00205,-2.1496049384950312e-14,0.00435,-5.191473917420808e-14,0.0053,1.667217475187499e-14,0.0054,-2.9710518489878267e-13,0.00825
run,768,16,direction_L3,direction,3,20.0,unplanted,19900,0.0020603015075376886,0.0006891759696346393,0.001708542713567839,-0.015900817593661187,0.00030150753768844223,0.04177588600388372,0.0004020100502512563,-0.03867240509092859,0.0032663316582914573
run,768,16,direction_L3,direction,3,20.0,planted,100,0.0,-0.13714601796159237,0.53,3.164262701128194,1.0,-8.313401314769523,1.0,7.695808613035367,1.0
run,768,17,nullA,,,,all,20000,0.00265,8.870628676049818e-14,0.0026,1.354521828034194e-13,0.0024,-9.837464176598586e-16,0.0034,7.575025051664852e-13,0.0084
run,768,17,nullB,,,,all,20000,0.003,9.178897641959339e-14,0.00315,-4.4072656635307795e-14,0.00265,1.3340439863895881e-15,0.003,2.707745139218787e-13,0.00855
run,768,17,norm_L1,norm,1,1.05,all,20000,0.0035,1.1404814870275004e-13,0.0035,3.023608030616742e-14,0.00265,-9.593037475497113e-15,0.003,2.707662538625755e-13,0.0091
run,768,17,norm_L1,norm,1,1.05,unplanted,19900,0.0027135678391959797,-0.009522652506071273,0.002864321608040201,-0.009208545216451314,0.0026633165829145727,-0.0008923895286368415,0.003015075376884422,0.0005642875761993138,0.008241206030150754
run,768,17,norm_L1,norm,1,1.05,planted,100,0.16,1.895007848730993,0.13,1.8325004980798587,0.0,0.17758551619681287,0.0,-0.11229322760950958,0.18
run,768,17,norm_L2,norm,2,1.1,all,20000,0.0058,1.1476402050902833e-13,0.00555,-2.1181580933671284e-13,0.00265,1.936228954946273e-16,0.003,2.7077362574345896e-13,0.01115
run,768,17,norm_L2,norm,2,1.1,unplanted,19900,0.0020603015075376886,-0.018673202394075824,0.001959798994974874,-0.01838240501489878,0.0026633165829145727,-0.0008938341049891986,0.003015075376884422,0.0005642875761993142,0.00728643216080402
run,768,17,norm_L2,norm,2,1.1,planted,100,0.75,3.7159672764440415,0.72,3.658098597922495,0.0,0.17787298689288863,0.0,-0.11229322760950881,0.78
run,768,17,norm_L3,norm,3,1.2,all,20000,0.0056,1.0683010032153106e-13,0.0054,9.838778680659743e-14,0.00265,4.25739443699058e-14,0.003,2.707690960335185e-13,0.01005
run,768,17,norm_L3,norm,3,1.2,unplanted,19900,0.0006030150753768845,-0.034059046234417134,0.0004020100502512563,-0.033883634237405334,0.0026633165829145727,-0.0008967210133171041,0.003015075376884422,0.0005642875761993178,0.005075376884422111
run,768,17,norm_L3,norm,3,1.2,planted,100,1.0,6.7777502006703765,1.0,6.742843213263338,0.0,0.1784474816586189,0.0,-0.11229322760950983,1.0
run,768,17,direction_L1,direction,1,5.0,all,20000,0.003,9.178791060548974e-14,0.00315,-8.441993770702538e-14,0.00395,-2.759286132913985e-14,0.00355,2.698243406484835e-13,0.00965
run,768,17,direction_L1,direction,1,5.0,unplanted,19900,0.003015075376884422,0.0001421936807720941,0.0031658291457286433,-0.0038033458334687416,0.002462311557788945,0.011863853702966193,0.002462311557788945,-0.010871409390187638,0.008090452261306533
run,768,17,direction_L1,direction,1,5.0,planted,100,0.0,-0.028296542455289453,0.0,0.756865820843396,0.3,-2.360906886895791,0.22,2.163410468701305,0.32
run,768,17,direction_L2,direction,2,10.0,all,20000,0.003,9.178613424865034e-14,0.0035,8.431459974644895e-14,0.0065,6.701839083689265e-15,0.0062,2.996905834606878e-13,0.0116
run,768,17,direction_L2,direction,2,10.0,unplanted,19900,0.003015075376884422,0.0001421936807720941,0.003015075376884422,-0.007961060473485666,0.0016582914572864321,0.0236993410935235,0.0015577889447236182,-0.021656910994928627,0.0067839195979899495
run,768,17,direction_L2,direction,2,10.0,planted,100,0.0,-0.028296542455289703,0.1,1.5842510342405103,0.97,-4.716168877609837,0.93,4.309725288050735,0.97
run,768,17,direction_L3,direction,3,20.0,all,20000,0.003,9.178720006275398e-14,0.00505,1.662330717522309e-13,0.00525,8.266454187833005e-15,0.0055,2.466649107191188e-13,0.0094
run,768,17,direction_L3,direction,3,20.0,unplanted,19900,0.003015075376884422,0.0001421936807720941,0.0023115577889447235,-0.015769027773219448,0.0002512562814070352,0.041687436989498776,0.0005025125628140704,-0.0383803541095311,0.004422110552763819
run,768,17,direction_L3,direction,3,20.0,planted,100,0.0,-0.028296542455289578,0.55,3.1380365269039157,1.0,-8.295799960908603,1.0,7.637690467846023,1.0
run,768,18,nullA,,,,all,20000,0.00245,-2.9830857783963436e-13,0.0024,1.1086029871876235e-13,0.003,-2.0659030042224913e-16,0.00365,3.2810136829652945e-13,0.0091
run,768,18,nullB,,,,all,20000,0.00265,6.7995387098562785e-15,0.00315,-2.1706298980461724e-13,0.00245,-2.5075763687709697e-14,0.00245,-1.4098979761456575e-13,0.00775
run,768,18,norm_L1,norm,1,1.05,all,20000,0.00325,-9.29212262690271e-15,0.00305,-7.088907238994579e-14,0.00245,-1.6476420228173082e-14,0.00245,-1.409899752502497e-13,0.00795
run,768,18,norm_L1,norm,1,1.05,unplanted,19900,0.0026130653266331657,-0.009611576453139816,0.002512562814070352,-0.009637273943169475,0.002462311557788945,-4.630442338683255e-06,0.002462311557788945,0.00011427236256296472,0.007236180904522613
run,768,18,norm_L1,norm,1,1.05,planted,100,0.13,1.9127037141729644,0.11,1.9178175146765477,0.0,0.0009214580221026908,0.0,-0.0227402001782283,0.15
run,768,18,norm_L2,norm,2,1.1,all,20000,0.0059,1.7760726223059465e-14,0.0061,-1.9715500343409076e-13,0.00245,4.3073278277461215e-14,0.00245,-1.4099121870003727e-13,0.01065
run,768,18,norm_L2,norm,2,1.1,unplanted,19900,0.0018592964824120603,-0.01881200781302414,0.0020603015075376886,-0.018883593880756167,0.002462311557788945,-6.074555419059767e-06,0.002462311557788945,0.00011427236256296348,0.006482412060301508
run,768,18,norm_L2,norm,2,1.1,planted,100,0.81,3.743589554795357,0.81,3.7578351822310454,0.0,0.0012088365370075138,0.0,-0.022740200178228177,0.84
run,768,18,norm_L3,norm,3,1.2,all,20000,0.00545,1.3427836620394373e-14,0.00555,5.837144101406011e-14,0.00245,2.7840219019026337e-14,0.00245,-1.4098535672246726e-13,0.0096
run,768,18,norm_L3,norm,3,1.2,unplanted,19900,0.0004522613065326633,-0.03425028633316875,0.0005527638190954774,-0.03441966609448451,0.002462311557788945,-8.960617413512154e-06,0.002462311557788945,0.00011427236256296616,0.004623115577889447
run,768,18,norm_L3,norm,3,1.2,planted,100,1.0,6.8158069803032655,1.0,6.849513552814093,0.0,0.001783162870856636,0.0,-0.022740200178227678,1.0
run,768,18,direction_L1,direction,1,5.0,all,20000,0.00265,6.7998939812241585e-15,0.003,-1.5043895018607145e-13,0.0035,-1.5794121566159446e-14,0.00325,-1.0902319047545461e-13,0.00875
run,768,18,direction_L1,direction,1,5.0,unplanted,19900,0.0026633165829145727,0.00011325992980146035,0.003015075376884422,-0.004163068770138762,0.0021105527638190956,0.012517093649669167,0.0023618090452261304,-0.01125355812744247,0.007336683417085427
run,768,18,direction_L1,direction,1,5.0,planted,100,0.0,-0.022538726029130096,0.0,0.8284506852275259,0.28,-2.4909016362873224,0.18,2.239458067339246,0.29
run,768,18,direction_L2,direction,2,10.0,all,20000,0.00265,6.7995387098562785e-15,0.00295,-2.3547102045995417e-13,0.00625,-4.205258363754183e-15,0.0061,-9.006004830780512e-14,0.01085
run,768,18,direction_L2,direction,2,10.0,unplanted,19900,0.0026633165829145727,0.00011325992980146035,0.0027135678391959797,-0.008349772577648058,0.001407035175879397,0.024090263905136754,0.0015577889447236182,-0.021933437907330117,0.006030150753768844
run,768,18,direction_L2,direction,2,10.0,planted,100,0.0,-0.022538726029130193,0.05,1.6616047429048693,0.97,-4.793962517123054,0.91,4.364754143540682,0.97
run,768,18,direction_L3,direction,3,20.0,all,20000,0.00265,6.8009597953277985e-15,0.00515,8.20172374460526e-14,0.0053,-1.9039880783111584e-15,0.0056,-5.992060181370107e-14,0.00905
run,768,18,direction_L3,direction,3,20.0,unplanted,19900,0.0026633165829145727,0.00011325992980146035,0.0021608040201005025,-0.01619314140858554,0.00030150753768844223,0.04169439712470095,0.0006030150753768845,-0.03843236975471187,0.00407035175879397
run,768,18,direction_L3,direction,3,20.0,planted,100,0.0,-0.022538726029130176,0.6,3.2224351403249263,1.0,-8.297185027815871,1.0,7.64804158117568,1.0
run,768,19,nullA,,,,all,20000,0.003,4.2738435013234265e-14,0.0029,-2.575692548134612e-13,0.003,1.799804749680334e-15,0.0038,-2.618349981275969e-15,0.0098
run,768,19,nullB,,,,all,20000,0.00315,-1.2196714749279636e-13,0.0027,-4.723066382439356e-14,0.00195,-8.755662861403835e-15,0.00265,1.3455050407173985e-13,0.0077
run,768,19,norm_L1,norm,1,1.05,all,20000,0.00375,-1.151272854826857e-13,0.00335,-4.429381306181312e-14,0.00195,-5.272937642075703e-15,0.00265,1.3455192515721136e-13,0.0084
run,768,19,norm_L1,norm,1,1.05,unplanted,19900,0.002914572864321608,-0.009539037692105002,0.0026633165829145727,-0.009440324625805803,0.001959798994974874,-0.00030933852923797304,0.0026633165829145727,0.00037060832765435886,0.007537688442211055
run,768,19,norm_L1,norm,1,1.05,planted,100,0.17,1.8982685007058697,0.14,1.8786246005264957,0.0,0.061558367317301965,0.0,-0.0737510571763073,0.18
run,768,19,norm_L2,norm,2,1.1,all,20000,0.00555,-1.2543273086862429e-13,0.0057,3.9059244727468465e-14,0.00195,2.887041716803651e-14,0.00265,1.3454268810164648e-13,0.01045
run,768,19,norm_L2,norm,2,1.1,unplanted,19900,0.0020100502512562816,-0.018807647835735013,0.0020603015075376886,-0.018744730189282396,0.001959798994974874,-0.00031085300353088927,0.0026633165829145727,0.00037060832765435387,0.0066834170854271355
run,768,19,norm_L2,norm,2,1.1,planted,100,0.71,3.742721919286181,0.73,3.730201307675009,0.0,0.061859747708421134,0.0,-0.07375105717630755,0.76
run,768,19,norm_L3,norm,3,1.2,all,20000,0.0055,-1.1664109678122259e-13,0.00565,1.0721983301209548e-13,0.00195,7.275602342815545e-15,0.00265,1.3454801717216468e-13,0.0096
run,768,19,norm_L3,norm,3,1.2,unplanted,19900,0.0005025125628140704,-0.03433616499214166,0.0006532663316582914,-0.03437596829421601,0.001959798994974874,-0.0003138796484962887,0.0026633165829145727,0.000370608327654356,0.004623115577889447
run,768,19,norm_L3,norm,3,1.2,planted,100,1.0,6.832896833412864,1.0,6.8408176905704305,0.0,0.06246205005221684,0.0,-0.07375105717630691,1.0
run,768,19,direction_L1,direction,1,5.0,all,20000,0.00315,-1.2196519350027303e-13,0.00275,3.0244251547628664e-14,0.00325,-3.787690161516366e-14,0.00345,1.5669243680349608e-13,0.00895
run,768,19,direction_L1,direction,1,5.0,unplanted,19900,0.0031658291457286433,0.00025950464858235923,0.0027135678391959797,-0.003939699540512999,0.0015577889447236182,0.012285325970072218,0.0021608040201005025,-0.01104210636141998,0.007085427135678392
run,768,19,direction_L1,direction,1,5.0,planted,100,0.0,-0.05164142509228245,0.01,0.7840002085681356,0.34,-2.444779868051947,0.26,2.1973791659539144,0.38
run,768,19,direction_L2,direction,2,10.0,all,20000,0.00315,-1.2196412768616938e-13,0.003,-6.8801853103650505e-15,0.00545,5.153744098151947e-15,0.006,1.9312693666506675e-13,0.0106
run,768,19,direction_L2,direction,2,10.0,unplanted,19900,0.0031658291457286433,0.00025950464858235923,0.0026633165829145727,-0.008156803911113062,0.0007537688442211055,0.02394197367543133,0.0015577889447236182,-0.021784194375907163,0.005879396984924623
run,768,19,direction_L2,direction,2,10.0,planted,100,0.0,-0.051641425092282464,0.07,1.6232039783101238,0.94,-4.764452761409805,0.89,4.335054680844151,0.95
run,768,19,direction_L3,direction,3,20.0,all,20000,0.00315,-1.2196323950774967e-13,0.0049,-4.198605907390629e-14,0.00505,-1.2052225883962819e-14,0.00525,1.5272512143837958e-13,0.009
run,768,19,direction_L3,direction,3,20.0,unplanted,19900,0.0031658291457286433,0.00025950464858235923,0.0023115577889447235,-0.01606259509232435,5.0251256281407036e-05,0.041673758619487716,0.0002512562814070352,-0.03828173398510477,0.004020100502512563
run,768,19,direction_L3,direction,3,20.0,planted,100,0.0,-0.05164142509228223,0.52,3.1964564233641477,1.0,-8.293077965280467,1.0,7.6180650630663935,1.0
run,768,20,nullA,,,,all,20000,0.00305,-1.9346728663549585e-13,0.00305,3.302087492329519e-14,0.0028,1.1453948900452816e-15,0.0031,1.5579857404190988e-12,0.00885
run,768,20,nullB,,,,all,20000,0.00265,-7.278799785126466e-15,0.00285,-2.4243789198408195e-13,0.00245,4.643396778192255e-14,0.0025,-4.976787870702992e-13,0.00785
run,768,20,norm_L1,norm,1,1.05,all,20000,0.0028,-1.517861392130726e-14,0.0031,8.841780640977959e-14,0.00245,-5.8880900155600106e-15,0.0025,-4.976755896279883e-13,0.00795
run,768,20,norm_L1,norm,1,1.05,unplanted,19900,0.0022613065326633165,-0.009204538919339244,0.002512562814070352,-0.009241303444840917,0.002412060301507538,0.00021474514434890687,0.002462311557788945,-4.250375581406559e-05,0.00728643216080402
run,768,20,norm_L1,norm,1,1.05,planted,100,0.11,1.8317032449454735,0.12,1.839019385541026,0.01,-0.04273428372660988,0.01,0.008458247307463735,0.14
run,768,20,norm_L2,norm,2,1.1,all,20000,0.00565,-1.780051661626203e-14,0.00555,1.8386003830528353e-14,0.00245,-4.780025264494725e-14,0.0025,-4.976875800366543e-13,0.0103
run,768,20,norm_L2,norm,2,1.1,unplanted,19900,0.0018090452261306533,-0.018449305262407654,0.001708542713567839,-0.01847267971516401,0.002412060301507538,0.00021339596933023382,0.002462311557788945,-4.250375581407184e-05,0.006381909547738694
run,768,20,norm_L2,norm,2,1.1,planted,100,0.77,3.671411747215564,0.77,3.676063263321316,0.01,-0.042465797906276845,0.01,0.008458247307462705,0.79
run,768,20,norm_L3,norm,3,1.2,all,20000,0.0057,4.1083580981649e-15,0.0055,-1.9286048313915672e-13,0.00245,1.9129586803501297e-15,0.0025,-4.976809186985065e-13,0.00975
run,768,20,norm_L3,norm,3,1.2,unplanted,19900,0.0007035175879396985,-0.033996013143398535,0.0005025125628140704,-0.03404203121932619,0.002412060301507538,0.0002106996198425043,0.002462311557788945,-4.250375581406872e-05,0.004773869346733669
run,768,20,norm_L3,norm,3,1.2,planted,100,1.0,6.7652066155371315,1.0,6.774364212607339,0.01,-0.04192922434827536,0.01,0.008458247307463359,1.0
run,768,20,direction_L1,direction,1,5.0,all,20000,0.00265,-7.277378699654946e-15,0.0028,-2.033019086411514e-13,0.00325,3.3446134750647614e-15,0.00325,-4.721142587982286e-13,0.00855
run,768,20,direction_L1,direction,1,5.0,unplanted,19900,0.0026633165829145727,0.0005461816278480112,0.002814070351758794,-0.003801920056730195,0.0018090452261306533,0.012862050171455289,0.0022110552763819095,-0.01149524489051712,0.007135678391959799
run,768,20,direction_L1,direction,1,5.0,planted,100,0.0,-0.10869014394320967,0.0,0.7565820912486485,0.29,-2.5595479841189337,0.21,2.2875537331184836,0.29
run,768,20,direction_L2,direction,2,10.0,all,20000,0.00265,-7.279510327862226e-15,0.0029,1.3330350157048087e-13,0.00595,2.1177370967961905e-14,0.0063,-4.2092960228501397e-13,0.01085
run,768,20,direction_L2,direction,2,10.0,unplanted,19900,0.0026633165829145727,0.0005461816278480112,0.0025628140703517588,-0.007987445257156884,0.0011055276381909548,0.02450953288045469,0.0016582914572864321,-0.02228732170355779,0.006030150753768844
run,768,20,direction_L2,direction,2,10.0,planted,100,0.0,-0.10869014394320996,0.07,1.5895016062008807,0.97,-4.877397043206248,0.93,4.435177018923813,0.97
run,768,20,direction_L3,direction,3,20.0,all,20000,0.00265,-7.279510327862226e-15,0.0049,8.55486348427803e-14,0.00505,3.2734703836467815e-15,0.00535,-3.9541028229450605e-13,0.00865
run,768,20,direction_L3,direction,3,20.0,unplanted,19900,0.0026633165829145727,0.0005461816278480112,0.0019095477386934674,-0.015837941733130658,5.0251256281407036e-05,0.04210949231669617,0.00035175879396984926,-0.03868527543604067,0.0036683417085427135
run,768,20,direction_L3,direction,3,20.0,planted,100,0.0,-0.10869014394321011,0.6,3.1517504049101115,1.0,-8.379788971021883,1.0,7.69836981169301,1.0
